Chinese Name,English Name,Address,Latitude,Longitude,Main Products,Registered Capital (RMB),Opening Year
鲁西化工集团股份有限公司,,聊城市鲁化路68号,,,,1464860778,1998
山东鲁北化工股份有限公司,,无棣县埕口镇,,,,350986607,1996
滨化集团股份有限公司,,山东省滨州市黄河五路869号,,,,1544400000,1998
淄博齐翔腾达化工股份有限公司,,临淄区胶厂南路1号,,,,1775209253,2002
山东华鲁恒升化工股份有限公司,,德州市天衢西路24号,,,,1620363550,2000
山东石大胜华化工集团股份有限公司,,山东省东营市垦利区同兴路198号,,,,202680000,2002
山东联盟化工集团有限公司,,寿光市农圣街豪源路交叉路口北路西,,,,151930000,1997
山东三方化工集团有限公司,,莒南经济开发区淮海路西段,,,,50000000,2004
山东红日化工股份有限公司,,临沂市罗庄区湖北路东段,,,,260000000,1993
山东滨州港化工码头有限公司,,滨州市北海新区北海大街8号,,,,285710000,2009
山东京博石油化工有限公司,,博兴县经济开发区,,,,680000000,2000
无棣科亿化工有限公司,,无棣县鲁北高新技术开发区,,,,50000000,2014
山东天宏新能源化工有限公司,,博兴县开发区博城五路东首,,,,200000000,2008
山东卓星化工有限公司,,无棣新海工业园,,,,80000000,2011
山东帆岛化工燃气有限公司,,山东省滨州市邹平县城北,,,,50000000,2005
山东陆源化工有限公司,,山东省滨州市沾化区城北工业园洚河二路007号,,,,100000000,2008
山东澳润化工科技有限公司,,山东省滨州市博兴县城东办事处董初社区西,,,,50000000,2009
山东滨州裕华化工厂有限公司,,滨城区滨北街道办事处凤凰四路199号,,,,50000000,1997
无棣鑫岳化工集团有限公司,,无棣县埕口镇东,,,,101000000,2005
山东通远化工有限公司,,山东省滨州市沾化区城北工业园洚河二路西1号,,,,100000000,2009
山东隆泽化工有限公司,,山东省滨州市沾化区城北工业园清风六路,,,,100000000,2012
山东双桥化工有限公司,,邹平县城黛溪西路54号,,,,90000000,2003
山东汇成化工有限公司,,无棣县新海工业园,,,,31800000,2011
沾化国昌精细化工有限公司,,山东省滨州市沾化区滨海镇耿局村北1公里处,,,,150000000,2012
山东邹平华诚集团化工有限公司,,邹平县明集镇驻地,,,,50000000,2007
山东中海精细化工有限公司,,山东沾化经济开发区恒业四路159号,,,,60000000,2007
山东三岳化工有限公司,,无棣县埕口镇政府驻地、大济路以东,,,,1000000000,2010
森岳(无棣)国际能源化工有限公司,,无棣县鲁北高新技术开发区内,,,,200000000,2014
邹平天利化工设备有限公司,,邹平县码头镇三合,,,,50000000,2009
山东滨州昱诚化工科技有限公司,,滨州市滨城区滨北工业园凤凰六路198号,,,,55550000,2003
山东海明化工有限公司,,山东沾化经济开发区恒业三路157号,,,,120000000,1996
滨州海洋化工有限公司,,山东省滨州市沾化区城东工业园永馆路,,,,600000000,2006
山东省博兴县永鑫化工有限公司,,博兴县湖滨镇工业园,,,,100000000,2004
山东齐鑫化工有限公司,,山东省滨州市沾化区城北工业园洚河二路西1号,,,,30000000,2012
无棣融川医药化工科技有限公司,,无棣县新海工业园,,,,33333332,2009
山东滨化瑞成化工有限公司,,滨州市黄河五路858号,,,,90000000,2009
滨港石油化工码头有限公司,,山东省滨州北海经济开发区经十七路七号,,,,100000000,2015
山东省滨州市利丰达化工有限公司,,博兴县陈户镇工业园西首,,,,80000000,2007
山东先达农化股份有限公司,,博兴经济开发区,,,,80000000,2002
山东齐力化工有限公司,,山东省滨州市邹平县黛溪街道办事处前城村南,,,,50000000,2016
山东泰中化工有限公司,,山东省滨州市博兴县经济开发区,,,,82800000,2012
山东红阳化工科技有限公司,,滨州高新区新四路以北高十三路以西,,,,100000000,2012
山东三木化工有限公司,,无棣县埕口镇鲁北高新技术开发区,,,,50000000,2014
博兴县莲源化工有限公司,,博兴县工业园,,,,60000000,1999
山东沾化昌达化工有限公司,,山东沾化经济开发区富源五路,,,,50000000,2011
山东恒宇化工有限公司,,博兴县经济开发区,,,,100000000,2012
山东传化凯岳化工有限公司,,滨州市无棣县鲁北高新技术开发区,,,,100000000,2012
山东中悦石油化工有限公司,,山东省滨州市博兴县经济开发区228省道以东、新农村路以北,,,,200000000,2016
滨州中达康石油化工有限公司,,山东省滨州市滨北镇凤凰六路以东永莘路以北,,,,50000000,2017
山东先达化工有限公司,,博兴经济开发区,,,,57000000,2002
山东裕保化工码头有限公司,,山东省滨州市滨城区渤海十八路535号印象江南4号楼102,,,,50000000,2016
山东车多宝化工产品销售有限公司,,山东省滨州市邹平县黛溪街道办事处前城村南,,,,60000000,2018
滨州市元丰化工有限公司,,山东省滨州市高新区小营街道办事处新五路401号,,,,50000000,2010
山东一森化工有限公司,,无棣县新海工业园,,,,50000000,2013
山东三谷化工技术研究院有限公司,,山东省滨州市滨城区渤海八路659裕华大厦,,,,60000000,2017
滨州科乘化工有限公司,,山东省滨州市阳信县经济开发区工业九路西首,,,,48000000,2015
山东省博兴县三星石油化工有限公司,,博兴县湖滨镇寨卢工业园,,,,30000000,2006
山东沾化天九化工有限公司,,山东省滨州市沾化区城北工业园2号,,,,50000000,2010
山东金汇博化工有限公司,,博兴县工业园(吕艺镇驻地),,,,30500000,2010
黄河三角洲京博化工研究院有限公司,,博兴县经济开发区,,,,51300000,2011
山东滨州新源化工贸易有限公司,,滨州市滨北镇凤凰六路以东永莘路以北,,,,60000000,2007
山东省博兴县协华化工有限公司,,山东省滨州市博兴县吕艺镇工业东区,,,,50000000,2014
无棣德信化工有限公司,,无棣县鲁北高新技术开发区内,,,,30000000,2012
山东海益化工科技有限公司,,山东沾化经济开发区富源五路七号,,,,80000000,2011
胜利油田家宁化工机电设备有限公司,,滨州市北外环路365号,,,,60000000,2003
山东荣泰化工有限公司,,山东省滨州市沾化区滨海镇耿局村北一公里处,,,,20000000,2011
邹平县德兴精细化工有限公司,,邹平县开发区工业园,,,,30000000,1998
山东无棣万龙化工有限公司,,无棣县新海工业园,,,,20000000,2007
山东沾化金嘉利化工科技有限公司,,山东沾化经济开发区富源五路以东,,,,30000000,2011
滨州市广友化工有限公司,,滨州市滨城区杨柳雪镇工业园新滨一路316号,,,,22000000,2002
滨州华茂化工有限公司,,无棣县新海工业园,,,,15000000,2005
山东省滨州市沾化区金鑫化工有限公司,,山东沾化经济开发区恒业三路,,,,20000000,2012
山东鲁威化工有限公司,,邹平县长山镇陈度村北,,,,30000000,2006
山东沾化天元精细化工有限公司,,山东省滨州市沾化区滨海镇耿局村北,,,,25000000,2011
滨州广源化工有限公司,,滨州市北办黄河二路以北渤海五路以西瑞兴A034号,,,,20000000,2010
滨州市胜达化工有限公司,,滨州市滨城区凤凰四路梧桐十路交叉口,,,,10000000,1998
山东凯特达化工有限公司,,邹平县广电大厦附楼三楼3020室,,,,3000000,2009
无棣顺通化工有限公司,,无棣县新海项目聚集区,,,,30000000,2007
阳信昌泽化工有限公司,,阳信县经济开发区工业五路东首,,,,30000000,2009
邹平魏源化工科技有限公司,,邹平县经济开发区会仙三路北侧,,,,30000000,2011
山东隆康化工有限公司,,山东省滨州市沾化区城北工业园清风三路南侧2号,,,,30000000,2009
滨州祥碇邦化工有限公司,,山东省滨州市邹平县临池镇古城村,,,,30000000,2016
沾化滨博化工有限公司,,山东省滨州市沾化区城北工业园创业三路13号,,,,20000000,2005
山东省博兴县昊隆化工有限公司,,博兴县化工园区吕艺镇工业园,,,,20380000,2008
邹平县双兴化工设备有限公司,,邹平县孙镇驻地,,,,30000000,2007
滨州市利美精细化工有限公司,,滨州市滨城区滨北办事处凤凰八路西侧,,,,30000000,2011
阳信富信石油化工有限公司,,山东省滨州市阳信县工业八路以北、大济路以西,,,,30000000,2016
滨州邦宝化工有限公司,,滨州市滨城区渤海二路1288号,,,,20000000,2004
滨州滨海新能源化工有限公司,,山东省滨州北海经济开发区北海科技城内,,,,30000000,2013
滨州市沾化区瑞安化工有限公司,,山东省滨州市沾化区城北工业园清风一路14号,,,,3000000,2013
沾化泰瑞海铭化工有限公司,,山东省滨州市沾化区滨海镇耿局村北,,,,10600000,2008
山东北洋化工有限公司,,无棣县新海工业园,,,,10100000,2006
山东奥宝化工集团有限公司,,安丘市北郊,,,,86000000,1999
山东省舜天化工集团有限公司,,沂南经济开发区绿源路中段,,,,48387097,2000
山东晋煤明水化工集团有限公司,,山东省济南市章丘区刁镇化工工业园,,,,223657200,1991
山东省石油化工有限公司,,济南市历下区经十路13777号,,,,130000000,1999
山东晋煤日月化工有限公司,,章丘市水寨镇水南村,,,,77000000,2002
济南泰星精细化工有限公司,,山东省济南市章丘区明水经济技术开发区刁镇化工园绿野路路西,,,,100000000,1998
山东绿霸化工股份有限公司,,济南市历城区唐王镇娄家北路17号,,,,360000000,1997
山东绿邦作物科学股份有限公司,,山东省济南市章丘区水寨镇水南村,,,,42095000,1999
山东明源石油化工有限公司,,济南市槐荫区经十路24566号,,,,94000000,2003
山东大器化工有限公司,,济南市历城区遥墙街道云家村委会北,,,,500000,1999
山东中氟化工科技有限公司,,山东省章丘市刁镇化工工业园,,,,125000000,2004
济南司普润化工产品有限公司,,济南市槐荫区纬十二路382号,,,,,1992
中化工油气销售有限公司,,济南市市中区七贤镇杨庄路10号,,,,55885400,2004
济南化工新材料有限公司,,济南市高新开发区正丰路中段9号,,,,375000000,2006
济南阿尔顿精细化工有限公司,,济南市槐荫区段店新村111号,,,,50000000,2012
山东明晟化工工程有限公司,,章丘市明水查旧工业园,,,,50100000,2005
济南盛通化工有限公司,,济南市天桥区新材料交易中心南区1-1-7号,,,,120000000,2016
济南天邦化工有限公司,,山东省济南市商河县经济开发区内汇源街以北晟朗西路以西,,,,30000000,2002
章丘龙兴石油化工配件有限公司,,济南市章丘区双山办事处白泉村,,,,50000000,1999
济南昌圣达化工设备有限公司,,济南市长清区张夏镇金庄村,,,,50000000,2003
山东慧普化工有限公司,,山东省济南市槐荫区阳光新路25号阳光100国际新城3号楼2605室,,,,50000000,2005
山东华程化工科技有限公司,,临邑县恒源开发区远征路北首,,,,120000000,2014
山东卓俊化工有限公司,,山东省济南市高新区舜海路219号华创观礼中心2号楼1102-6,,,,10010000,2012
济南益盈化工有限公司,,山东省济南市历下区历山路92号518室,,,,100000000,2017
正和集团股份有限公司,,山东省东营市广饶县辛桥,,,,104500160,1994
山东优合化工有限公司,,山东省济南市历城区辛祝路17号好兰朵大厦313室,,,,50000000,2018
济南恒业化工有限公司,,山东省济南市历城区辛祝路辛甸社区农家超二楼东头209室,,,,50000000,2008
山东博通石油化工有限公司,,山东省济南市市中区七贤办事处杨庄村337号,,,,30000000,2014
兖矿水煤浆气化及煤化工国家工程研究中心有限公司,,山东省济南市高新技术产业开发区港兴三路北段济南药谷1号楼A座17层,,,,100000000,2014
山东成祥化工有限公司,,山东省济南市槐荫区绿地中央广场C-1地块A栋803,,,,80000000,2006
山东祥旭石油化工有限公司,,济南市历城区清河南路菜园桥南100米,,,,50000000,2016
山东天霸石油化工有限公司,,济南市历下区奥体西路1333号力高国际花园10号楼1508室,,,,20000000,2012
济南诚汇双达化工有限公司,,济南市高新区开拓路2350号九层,,,,90225530,2002
山东垚石化工科技有限公司,,山东省济南市高新区综合保税区港兴三路北段1号济南药谷研发平台区2号楼1101房间,,,,100000000,2016
济南尚诺化工有限公司,,济南市天桥区桑梓店镇济南新材料产业园区舜兴路南段济南新材料产业科技园1号楼东区,,,,,2014
山东晨东化工有限公司,,济南市历下区泉城路180号齐鲁国际大厦804-8号,,,,50000000,2014
山东汇辰石油化工有限公司,,济南市历城区董家街道林家村158号,,,,50000000,2018
华熙福瑞达生物医药有限公司,,山东省济南市高新技术开发区天辰大街678号,,,,430437444,2000
山东飞满化工有限公司,,济南市天桥区蓝翔路15号时代总部基地6区915号,,,,50000000,2016
山东久隆精细化工有限公司,,济南市高新区颖秀路2766号生产楼725室,,,,1000000,2005
济南冶金化工设备有限公司,,长清区张夏镇驻地,,,,92880000,1998
山东特雷西石油化工有限公司,,山东省济南市天桥区小鲁庄工业园9号101室,,,,50000000,2016
山东万华化工科技有限公司,,济南市历城区历山北路北首,,,,35000000,2009
山东俊福石油化工有限公司,,济南市历下区解放路8号,,,,50000000,2013
济南炳耀化工有限公司,,山东省济南市历城区航运路中段明福大厦4楼421室,,,,5000000,2014
山东中乔石油化工有限公司,,济南市历下区龙奥北路8号6、5号楼1-2403,,,,100000000,2015
山东中海兴燃化工有限公司,,山东省济南市历下区旅游路21555号历山国际公寓2单元17层1701室,,,,30000000,2011
济南谷泉化工有限公司,,山东省济南市高新区会展西路88号1号楼1-2518A,,,,3000000,2012
山东中信石油化工有限公司,,山东省济南市天桥区小清河北路188号莆田商会三楼,,,,106880000,2015
山东聚力源化工有限公司,,山东省济南市槐荫区槐村街25号419室,,,,50000000,2008
济南福景化工有限公司,,山东省济南市天桥区新材料交易中心办公楼9层南侧938室,,,,1000000,2014
山东朗威能源化工有限公司,,济南市天桥区无影山中路121号名人广场B座,,,,100000000,2003
盘化(济南)化工有限公司,,山东省济南市章丘市曹范镇驻地,,,,70000000,2015
山东中坛石油化工有限公司,,山东省济南市济阳县孙耿街道文化大院东侧103室,,,,100000000,2015
济南谷利化工有限公司,,济南市市中区经一路88号明珠怡和商务大厦25A-29室,,,,38000000,2016
山东茂腾化工有限公司,,济南市历下区文化东路78号万豪国际6号楼1203室,,,,38000000,2015
济南薛成化工有限公司,,济南市市中区升平街8号楼219室,,,,38000000,2016
济南砜徕化工有限公司,,济南市市中区泺源大街229号金龙大厦东楼13层1324室,,,,40000000,2016
济南凯迪精细化工有限公司,,山东省济南市槐荫区经七路843号泰山国际大厦21层A06室,,,,2000000,2011
山东大广化工有限公司,,山东省济南市历城区工业北路88号东都国际广场2号楼1722室,,,,30000000,2016
济南兰川化工有限公司,,济南市历下区和平路47号诚基中心19号楼2单元1727室,,,,39000000,2016
山东让古戎精细化工有限公司,,济南市历城区孙村镇,,,,40000000,2001
济南一农化工有限公司,,山东商河经济开发区,,,,17160000,2001
济南琴康化工有限公司,,济南市槐荫区段店镇宋庄工业园453号,,,,38000000,2017
济南苏江化工有限公司,,济南市历城区经十东路299号保利花园2号楼102商铺,,,,36000000,2016
济南秀吉化工有限公司,,济南市市中区二七新村南路14号中泰山水大厦517室,,,,36000000,2016
济南微青化工有限公司,,山东省济南市历下区文化东路26号2号楼3-301室,,,,38000000,2015
山东前沿石油化工有限公司,,济南市天桥区小清河北路188号胶州大厦401号,,,,30010000,2015
济南端端石油化工有限公司,,济南市历城区北园大街12号路劲东城一期6号楼1-107,,,,38000000,2017
济南天际源环保化工科技有限公司,,山东省济南市章丘区官庄街道兴隆官庄村,,,,50000000,2016
济南冉州化工有限公司,,济南市天桥区济洛路90号建华大厦B栋4002室,,,,37000000,2017
章丘市宝仲石油化工配件制造有限公司,,山东省济南市章丘区城东民营工业园,,,,50000000,1999
济南顶萨化工有限公司,,济南市历下区泉城路26号世茂国际广场B座1217室,,,,38000000,2016
济南颜建化工有限公司,,济南市历城区花园路168号1503,,,,35000000,2017
济南好饰家新材料科技有限公司,,山东省济南市天桥区蓝翔路15号时代总部基地5-3,,,,6000000,2010
济南展嘉化工有限公司,,济南市天桥区药山工业园时代总部基地2区12号,,,,34500000,2017
济南海德化工有限公司,,山东省济南市历城区华信路3号鑫苑鑫中心3号楼911室,,,,500000,2007
济南天源化工有限公司,,山东省济南市商河县玉皇庙镇三号公路8号,,,,10000000,2008
济南化工机械总厂有限公司,,济南市天桥区大桥镇大庄工业园13号,,,,3911100,1991
济南照月月石油化工有限公司,,济南市历城区花园路123号凯德商务楼三楼908室,,,,38000000,2017
济南致孚化工有限公司,,山东省济南市历下区玉兰广场3号楼2001,,,,35000000,2015
济南秀宏化工有限公司,,济南市天桥区无影山中路183-128号,,,,35000000,2017
青岛新宇田化工有限公司,,青岛市李沧区十梅庵村十梅庵路33号,,,,,1998
青岛海湾精细化工有限公司,,山东省青岛市平度市新河生态化工科技产业基地晋水路1号,,,,417290000,
青岛奥盖克化工股份有限公司,,青岛平度市新河生态化工科技产业基地丰水路5号,,,,95000000,2010
青岛丽东化工有限公司,,青岛经济技术开发区辽河路88号,,,,,2003
海利尔药业集团股份有限公司,,青岛市城阳区城东工业园内,,,,120000000,1999
海洋化工研究院有限公司,,青岛市市南区金湖路4号,,,,209716000,2000
青岛东方化工股份有限公司,,青岛莱西市青岛南路14号,,,,30270000,1995
山东瑞翼化工贸易有限公司,,青岛市李沧区重庆中路527号122,,,,1520000000,2012
狮王日用化工(青岛)有限公司,,山东省青岛经济技术开发区渭河路919号,,,,,1988
青岛海湾索尔维化工有限公司,,青岛高新技术产业开发区华贯路899号,,,,,2007
青岛海湾化学有限公司,,青岛市黄岛区泊里镇港丰路66号,,,,1917660000,1999
青岛宇田化工有限公司,,青岛平度市新河生态化工科技产业基地新昌路东首,,,,50000000,2011
青岛芊润化工有限公司,,青岛(平度市)新河生态化工科技产业基地新安路,,,,10000000,2009
青岛润农化工有限公司,,山东省青岛市平度市新河生态化工科技产业基地海浦北路8号,,,,200000000,2013
中国石油化工股份有限公司,,青岛市市南区延安三路218号,,,,,2000
索尔维精细化工添加剂(青岛)有限公司,,青岛高新技术产业开发区华贯路788号,,,,167000000,2008
富乐宁(青岛)化工有限公司,,青岛经济技术开发区淮河东路75号,,,,,2000
青岛长荣化工科技有限公司,,青岛平度市新河生态化工科技产业基地复水路1号,,,,26000000,2010
青岛灏龙松原化工有限公司,,山东省青岛市平度市新河生态化工科技产业基地海湾路3号,,,,100000000,2015
青岛海洋化工有限公司,,山东省青岛市平度市新河生态化工产业基地晋水路1号,,,,11800000,1999
中联港化工贸易有限公司,,青岛市保税区天智大厦22层H户,,,,50000000,2012
青岛锐丰源化工有限公司,,山东省青岛市平度市新河生态化工科技产业基地海浦北路10号,,,,200000000,2012
青岛思远化工有限公司,,青岛经济技术开发区淮河东路89号,,,,100000000,2000
阳煤集团青岛恒源化工有限公司,,山东省青岛市黄岛区世纪大道,,,,700900000,1999
青岛宏富昕化工技术装备有限公司,,青岛即墨市移风店镇太祉庄村太府街,,,,60000000,2010
青岛红星有机化工有限公司,,山东省青岛市黄岛区辽河路88号,,,,162000000,2005
青岛捷隆化工有限公司,,青岛市李沧区四流北路45号甲大门南3号门头,,,,500000,2001
青岛捷润液体化工有限公司,,青岛经济技术开发区黄河东路81号403室,,,,,2007
青岛奥特富隆化工有限公司,,青岛胶州市北关办事处辛庄东,,,,45000000,2001
青岛金能化工机械有限公司,,青岛经济技术开发区黄河西路100号,,,,57566800,2005
青岛和新精细化工有限公司,,青岛平度市新河化工园复水路3号,,,,70000000,2014
青岛阳林鸿化工有限公司,,青岛新河生态化工科技产业基地海湾路2号,,,,50000000,2012
青岛海湾液体化工港务有限公司,,山东省青岛市黄岛区泊里镇港润大道88号,,,,300000000,2011
青岛晶驰化工有限公司,,青岛市市南区延安三路220号1203室,,,,80000000,2003
青岛嘉润化工有限公司,,青岛即墨市蓝村镇郭家庄村站前街南侧西首,,,,44560000,2006
青岛豪纳化工科技有限公司,,青岛平度市新河生态化工科技产业基地新昌路东首,,,,50000000,2011
山东尚泰石油化工有限公司,,山东省青岛市保税区东京路64号5959号,,,,,2016
青岛中海泉化工科技有限公司,,山东省青岛市黄岛区峨眉山路396号青岛光谷软件园23栋102室,,,,100000000,2009
青岛丽星仓储化工有限公司,,山东省青岛市黄岛区辽河路33号,,,,,2009
金诺化工有限公司,,山东省青岛市胶州市胶东街道办事处小麻湾东村,,,,50000000,2016
青岛聚大洋藻业集团有限公司,,青岛市黄岛区飞宇路118号,,,,52942857,2000
青岛弗兰克精细化工有限公司,,青岛市城阳区上马街道王家庄社区,,,,,2005
青岛碱业发展有限公司,,青岛市李沧区四流北路78号,,,,200000000,2007
青岛环海石油化工科技开发有限公司,,山东省青岛市黄岛区黄岛办事处张戈庄村,,,,72000000,2007
青岛北方化工品交易市场有限公司,,山东省青岛市黄岛区长江中路3号鸿润大厦1602-1603室,,,,129869135,2010
青岛海洋热电化工设备有限公司,,青岛平度市经济开发区郁江路4号,,,,76660000,1999
青岛丛林化工有限公司,,青岛市李沧区重庆中路1007号,,,,5000000,2006
青岛俪徕精细化工有限公司,,山东省青岛市保税港区伦敦路27号小区,,,,8000000,2003
青岛动宏丰化工有限公司,,山东省青岛市保税区北京路54号密尔大厦3层306室,,,,,2016
青岛阿尔法石油化工有限公司,,山东省青岛市保税区北京路43号办公楼三楼116号,,,,80000000,2017
青岛旭泰化工有限公司,,青岛市市南区山东路40号广发金融大厦1905室,,,,43769000,2005
青岛科迈特化工设备有限公司,,山东省青岛市即墨市青岛汽车产业新城埠惜路920号,,,,40000000,2017
青岛华天大化化工有限公司,,青岛市市南区伏龙路9号202,,,,50000000,2014
青岛爱琼化工有限公司,,山东省青岛市市北区道口路2号316室,,,,50000000,2015
青岛岚桥石油化工有限公司,,山东省青岛市崂山区同安路896号4号楼4单元301,,,,50000000,2018
青岛福诺化工科技有限公司,,山东省青岛市市北区郑州路43号B栋338室,,,,50000000,2003
中铁国投能源化工有限公司,,山东省青岛市黄岛区寨子山路873号,,,,50000000,2017
青岛东进石油化工有限公司,,山东省青岛市市南区东海西路37号3栋18层2户13号,,,,50000000,2016
金海碘化工(青岛)有限公司,,山东省青岛市市北区台柳路177号,,,,20000000,2008
青岛鑫荣福化工科技有限公司,,青岛平度市新河镇新昌路,,,,50000000,2011
青岛祥昌石油化工有限公司,,山东省青岛市保税区莫斯科路49号二楼2010室-A286号,,,,50000000,2016
青岛中茂晟泰石油化工有限公司,,山东省青岛市保税港区北京路45号1号库一楼156号,,,,288880000,2018
青岛昊禾石油化工有限公司,,山东省青岛市市北区敦化路328号诺德广场2号楼806户,,,,60000000,2013
青岛信达志石油化工有限公司,,山东省青岛市黄岛区茂山路687号-213室,,,,50000000,2016
中炼精制石油化工(青岛)有限公司,,山东省青岛市市南区宁夏路288号3号楼106室,,,,60000000,2018
青岛圣宇石油化工有限公司,,山东省青岛市保税区上海路前盛1号仓储办公楼5695号,,,,300000000,2015
青岛乐恩化工科技有限公司,,山东省青岛市市北区重庆南路298号雁山世纪商务中心1303室,,,,5000000,2014
青岛运达石油化工有限公司,,青岛市市北区延吉路76号中海大厦6幢2101室,,,,61000000,2013
青岛庆业启华石油化工有限公司,,山东省青岛市黄岛区滨海大道1201号东方至尊3-2-401室,,,,50000000,2016
山东美陵博德化工机械有限公司,,山东省青岛市黄岛区富源工业园七星河路313号,,,,60000000,2002
耐涂可精细化工(青岛)有限公司,,山东省青岛市平度市新河生态化工科技产业基地海湾路4号,,,,116969500,2012
山东鑫石源石油化工有限公司,,山东省青岛市保税区莫斯科路49号二楼2010室-A421号,,,,200000000,2017
青岛路邦石油化工有限公司,,青岛市崂山区株洲路177号内,,,,15000000,1997
青岛树阳化工科技有限公司,,山东省青岛市莱西市经济开发区九江路2号,,,,50000000,2017
青岛奥鑫化工有限公司,,青岛平度市经济技术开发区福州南路49号,,,,,2004
青岛芯力达燃料石油化工有限公司,,山东省青岛市李沧区万年泉路8号李村茶叶市场中区8号,,,,50000000,2018
山东康诚石油化工科技股份有限公司,,青岛市崂山区株洲路175号1号楼一层,,,,50000000,2011
青岛国际化工品交易市场有限公司,,青岛保税区9区1号仓储楼一层,,,,100000000,2008
山东贵和聚鑫石油化工有限公司,,山东省青岛市黄岛区泊里镇董家口路28号创客创业中心706号,,,,118880000,2018
金诺海洋(青岛)化工有限公司,,山东省青岛市即墨区蓝村镇王家辛庄村,,,,50000000,2015
青岛市海大化工有限公司,,青岛市市南区新泰安路27号如意大厦2105户,,,,600000,2003
青岛牯牛化工有限公司,,青岛市城阳区流亭街道西后楼村东,,,,37500000,2003
空气化工产品(青岛)有限公司,,山东省青岛市黄岛区董家口经济区青岛特殊钢铁有限公司厂区内,,,,,2013
青岛洛加金泰化工设备有限公司,,青岛市城阳区夏庄街道新民社区王沙路东,,,,30000000,2014
青岛海瑞特化工材料有限公司,,青岛胶州市正北名苑7号楼9号网点,,,,5000000,2010
青岛美福石油化工有限公司,,青岛市李沧区金水路318号102室,,,,30000000,2009
青上化工(青岛)有限公司,,青岛市城阳区流亭街道双元路以西,,,,,2006
爱思开化工(青岛)有限公司,,青岛经济技术开发区江山中路12号,,,,,2001
青岛加华化工有限公司,,青岛市黄岛区明关路818号,,,,,1999
青岛琪丰化工有限公司,,青岛平度市经济技术开发区广州路南段西侧,,,,,2002
中勘石油天然气化工(青岛)有限公司,,青岛经济技术开发区黄河西路706号211室,,,,51800000,2012
山东美陵化工设备股份有限公司,,淄博市临淄区齐陵路56号,,,,55458093,1993
山东迅达化工集团有限公司,,临淄区敬仲镇工业区,,,,30800000,1991
山东凯日化工股份有限公司,,淄博市临淄区辛化路191号,,,,200040000,2003
山东天迈化工有限公司,,临淄齐鲁化学工业园纬六路西首,,,,46600000,2003
山东蓝帆化工有限公司,,山东省淄博市齐鲁化学工业区内,,,,100000000,2003
山东海力化工股份有限公司,,桓台县马桥镇大成工业区,,,,300000000,2003
淄博海正化工股份有限公司,,临淄区凤凰镇西陈家村,,,,33000000,2005
山东宏信化工股份有限公司,,淄博市周村区新建西路10号,,,,218000000,1996
淄博鲁华泓锦新材料股份有限公司,,淄博市张店区冯北路3号,,,,445400000,1989
山东齐隆化工股份有限公司,,山东省淄博市张店区冯北路7号,,,,150000000,1998
淄博贝特化工设备有限公司,,山东省淄博市张店区房镇镇房东村,,,,30000000,2003
山东建龙化工股份有限公司,,淄博市高新技术产业开发区桓台新区建龙路100号,,,,22000000,2002
山东恒利石油化工股份有限公司,,山东省淄博市周村区周隆路8887号,,,,21870000,1994
淄博临淄万通精细化工有限公司,,临淄区金山镇万通巷6号,,,,12000000,1997
山东大成生物化工有限公司,,山东省淄博市张店区湖田街道办事处张店东部化工区,,,,100000000,2015
山东金城医药集团股份有限公司,,山东省淄博市淄川经济开发区双山路1号,,,,393152238,2004
山东三维石化工程股份有限公司,,临淄区炼厂中路22号,,,,503262849,1994
淄博旭佳化工有限公司,,临淄区齐鲁化工区精细化工园,,,,16780000,2005
淄博大众食用化工股份有限公司,,淄川区罗村镇泉子村,,,,3600000,2004
山东民基化工有限公司,,山东省淄博市张店东部化工区湖田横二路(纵二北路—南官路段)路北侧,,,,110000000,2008
山东宝源化工有限公司,,淄博市桓台县唐山镇政府驻地,,,,3000000,1998
齐鲁伊士曼精细化工有限公司,,临淄区辛化路8号,,,,,2002
山东富丰柏斯托化工有限公司,,淄博临淄齐鲁化学工业区精细化工园乙烯北路76号,,,,172084016,2005
山东建兰化工股份有限公司,,山东省淄博市临淄区金山镇一化北路7号,,,,136000000,2007
山东凯盛新材料股份有限公司,,淄博市淄川区双杨镇,,,,100000000,2005
山东兴鲁化工股份有限公司,,淄博市临淄区乙烯新区,,,,35000000,1993
淄博旭升化工有限公司,,张店区良乡工业园,,,,5500000,2004
淄博华源化工有限公司,,临淄区金山镇万通路11号,,,,12000000,2010
淄博圣峰化工有限公司,,山东省淄博市临淄区胜利路80号,,,,2100000,2015
淄博市临淄泽荣化工有限公司,,山东省淄博市临淄区乙烯南路东段南山经五路,,,,5300000,2003
山东大齐石油化工设计有限公司,,淄博市临淄区临淄大道688号501室,,,,50000000,2001
淄博市临淄有机化工股份有限公司,,临淄区化工区纬六路南,,,,25467000,1993
山东隆广化工科技有限公司,,山东省淄博市临淄区齐鲁国际塑化城辛化路2158号510,,,,50000000,2014
淄博德丰化工有限公司,,桓台县田庄镇大庞工业区,,,,24000000,1997
山东大成化工集团有限公司,,张店区洪沟路25号,,,,167420000,1998
淄博新塑化工有限公司,,淄博市张店区冯北路5号,,,,60000000,1997
淄博飞源化工有限公司,,山东省淄博市高青县清河工业园,,,,52850000,2004
山东川君化工股份有限公司,,城南镇东山村,,,,24000000,2001
淄博圣马化工有限公司,,山东省淄博市张店区房镇镇麻营村北首,,,,5000000,1980
山东元顺化工科技股份有限公司,,临淄区金山镇开发区加华路20号,,,,22800000,2004
山东兴武化工有限公司,,临淄区孙家原村址南,,,,50000000,2000
山东雪佛龙石油化工有限公司,,山东省淄博市桓台县果里镇和济路80号,,,,100000000,2013
山东东岳化工有限公司,,淄博市桓台县唐山镇,,,,340000000,1996
淄博东大化工股份有限公司,,山东省淄博市张店湖田镇商家村老济青路北沿街房31号,,,,19880000,1993
山东星都石油化工科技股份有限公司,,山东省淄博市临淄区乙烯南路35号,,,,45500000,2010
淄博兴军化工有限公司,,山东省淄博市临淄区朱台集中工业区,,,,50000000,2017
淄博新空间化工有限公司,,临淄区辛店街道合顺店村,,,,24600000,2006
淄博三田化工装备有限公司,,淄川区双杨镇东河村西,,,,11900000,2010
山东大新化工有限公司,,山东省淄博高新区柳泉路125号先进陶瓷产业创新园B座17层1701-1716室,,,,50000000,2009
山东金德化工股份有限公司,,山东省淄博市桓台县新城镇崔楼村,,,,7480000,2003
山东祥友化工机械有限公司,,博山区秋泉路12号,,,,36800000,2001
山东龙勤化工有限公司,,山东省淄博市临淄区临淄大道818甲9号1608,,,,50000000,2012
山东章临石油化工有限公司,,淄博市临淄区大武水库西侧,,,,50000000,2005
山东金安化工有限公司,,齐鲁乙烯厂南路火炬以东,,,,28800000,2001
中铝国际山东化工有限公司,,山东省淄博市高新区先进陶瓷产业创新园B座2605室,,,,50000000,2014
淄博永业精细化工股份有限公司,,山东省淄博市淄川区将军路街道办事处西外环路南段,,,,6000000,2016
沂源亿盛化工有限公司,,山东沂源经济开发区,,,,60000000,2006
山东民祥化工科技有限公司,,山东省淄博市张店东部化工区昌国东路227号,,,,110000000,2015
淄博远达化工有限公司,,临淄区齐都镇付家村,,,,50000000,2001
淄博伟强化工有限公司,,淄博市临淄区南王镇,,,,50800000,2009
淄博腾辉油脂化工有限公司,,临淄区南王镇南仇村西,,,,20000000,2005
淄博市临淄恒兴化工厂有限公司,,山东省淄博市临淄区朱台工业集中区,,,,500000000,1990
淄博君欣化工有限公司,,山东省淄博临淄区辛店街道杨坡路立交桥南首200米,,,,50000000,2015
淄博润源化工有限公司,,淄博高新区卫固镇付山村,,,,100000000,2003
淄博春磊化工机械有限公司,,山东省淄博市临淄区皇城镇油坊村西,,,,50000000,2004
淄博金桥化工医药有限公司,,山东省淄博市临淄区齐城路1号,,,,280000000,2015
中铁泰和丰石油化工有限公司,,山东省淄博市高新区柳泉路115号金达大厦309室,,,,58000000,2016
山东赛尔化工科技发展有限公司,,山东省淄博市临淄齐鲁化学工业区纬六路207号,,,,30000000,2004
淄博明新化工有限公司,,山东省淄博市张店区沣水镇南沣村,,,,60000000,2004
山东白燕化工有限公司,,临淄区皇城镇郑家村,,,,51800000,2002
淄博齐增化工有限公司,,山东省淄博市临淄区齐鲁国际塑化城中齐塑化大厦012109,,,,51580000,2009
山东正诺化工设备有限公司,,张店区中埠镇孟家村东,,,,60000000,2010
山东锐博化工有限公司,,临淄区大庆二路3号,,,,33000000,1990
淄博冠宏化工有限公司,,临淄区辛河路6K处路东,,,,100150000,2000
淄博汇港川化工科技有限公司,,高青县台湾工业园(嘉虹化工院内),,,,20000000,2011
山东公泉化工股份有限公司,,淄博市临淄区胜利路34号,,,,80833168,1993
淄博诺奥化工股份有限公司,,山东省淄博市临淄区辛化路2727 号,,,,29461385,1988
山东新昊化工有限公司,,桓台县新城镇驻地,,,,45000000,2004
山东新华万博化工有限公司,,张店区宝石镇东张村北,,,,27974699,1999
山东润亿化工有限公司,,山东省淄博市张店区北京路与人民路交叉口西北角淄博市新材料交易中心A座314室,,,,20000000,2010
山东显元化工科技有限公司,,山东省淄博市临淄齐鲁化学工业园经二路西侧,,,,50000000,2006
山东乐金化工有限公司,,山东省淄博市临淄区方正尚城小区24号楼齐城路甲1,,,,32800000,2009
淄博凯远恒业化工有限公司,,临淄区南王工业园万通路16号,,,,50000000,2004
淄博君竹化工有限公司,,临淄区朱台工业园(新立村),,,,20000000,2003
山东瑞铁化工销售有限公司,,淄博市临淄区一诺路天华大厦三楼311室,,,,11000000,2008
山东海江化工有限公司,,桓台县经济开发区化学产业园化北路8号,,,,360000000,2012
山东万通石油化工集团淄博有限公司,,淄博市临淄区辛店渠村北,,,,34000000,2004
淄博天蓝环保化工有限公司,,淄博开发区宝山路南段,,,,50000000,2004
山东齐旺达石油化工有限公司,,山东省淄博市临淄区金烯路199号,,,,154473000,2006
山东蓝星东大有限公司,,淄博高新区济青路29号,,,,150000000,2006
山东印象化工技术开发有限公司,,山东省淄博市高新区鲁泰大道西1号通乾戴维斯商务中心14层19,,,,3000000,2016
淄博齐美特化工装备有限公司,,临淄高速路口北3公里路东,,,,52000000,2004
淄博鲁亿化工机械有限公司,,临淄区稷下办事处程营村,,,,60000000,2005
淄博鲁拓化工有限公司,,山东省淄博市临淄临淄大道818甲9号509,,,,30000000,2009
山东瑞纳特化工有限公司,,山东省淄博市张店区昌国东路217号,,,,50000000,2016
淄博爱博特化工有限公司,,山东省淄博市高新区鲁泰大道1号通乾戴维斯商务中心7-716号,,,,200000000,2004
山东瀛寰化工有限公司,,临淄区乙烯北山路58号,,,,20000000,2003
兖矿鲁南化工有限公司,,山东省滕州市木石镇,,,,4755520000,2007
山东神工化工集团股份有限公司,,枣庄市峄城区峨山镇工业园区工业园路,,,,30000000,1999
山东国兴化工集团有限公司,,山东省枣庄市滕州市木石镇墨子大道6号,,,,30000000,2009
盛隆化工有限公司,,滕州市西岗镇,,,,568800000,2003
山东奥瑟亚化工有限公司,,枣庄市薛城区化工园区昆仑山路1号,,,,,2008
联泓新材料有限公司,,滕州市木石镇驻地,,,,880000000,2009
山东奥纳化工集团有限公司,,峄城区榴园镇八里屯村,,,,50000000,2004
山东扬子化工有限公司,,滕州市木石镇高科技化工园区,,,,100000000,2011
山东鲁南化工科技有限公司,,山东滕州市木石镇,,,,50000000,2003
盛源宏达化工有限公司,,滕州市西岗柴里矿区,,,,235898600,2006
滕州中盛化工有限公司,,滕州市木曲公路西侧新能凤凰有限公司南侧,,,,60000000,2008
滕州盛源宏达化工有限公司,,滕州市西岗柴里矿区,,,,166600000,2006
山东汇智润源化工有限公司,,滕州市木石镇西店村北侧,,,,50000000,2011
枣庄杰富意振兴化工有限公司,,枣庄市薛城区邹坞镇煤化工园区,,,,195000000,2013
枣庄市永利化工有限公司,,市中区齐村镇朱子埠矿南,,,,60000000,2002
山东省滕州瑞达化工有限公司,,山东省枣庄市滕州市鲁南高科技化工园区,,,,50000000,2003
山东旭东化工科技有限公司,,峄城区吴林办事处肖桥驻地,,,,5000000,2002
兖矿鲁南化工科技发展有限公司,,山东滕州市木石镇,,,,50000000,2003
滕州祥润化工有限公司,,滕州市张汪镇东渠庄村99号,,,,6000000,2010
滕州龙川化工有限公司,,滕州市官桥镇中韩村村西200米,,,,50000000,2012
山东国正化工有限公司,,山东省枣庄市滕州市木石镇木石三村56号,,,,50000000,2014
山东兖矿煤化工检修有限公司,,滕州市木石镇驻地,,,,30000000,2004
枣庄腾顺化工科技有限公司,,峄城区峨山镇刘庄村,,,,2000000,2011
山东联合丰元化工有限公司,,枣庄市台儿庄区东顺路北首,,,,100000000,2008
枣庄市金科化工有限公司,,台儿庄区涧头集镇工业园,,,,50000000,2011
枣庄矿业集团煤化工研究院有限公司,,薛城区永福南路,,,,50000000,2010
山东省广宏化工有限公司,,山东省枣庄市市中区文化路2号楼2单元402室,,,,96890000,2016
枣庄玮成化工科技有限公司,,山东省枣庄市薛城区陶庄镇凯乐大道与山官路交汇处向北200米,,,,5000000,2014
山东丰元化学股份有限公司,,枣庄市台儿庄区东顺路1227号,,,,96913799,2000
枣庄市凯瑞化工有限公司,,薛城区陶庄镇夏庄村南,,,,30000000,2006
山东百斯达化工有限公司,,枣庄市台儿庄区华阳路西文化路南,,,,20000000,2007
滕州绿灵化工环保设备有限公司,,山东省枣庄市滕州市鲁南高科技化工园区节用路456号,,,,10000000,2014
山东迪亚化工有限公司,,山东省枣庄市市中区中天步行街15号A幢2层2号,,,,5000000,2016
山东海冠化工科技有限公司,,滕州市木石镇科技化工园区,,,,10000000,2011
山东凯乐化工有限公司,,薛城区陶庄镇驻地,,,,20000000,1994
山东嘉驰新型化工有限公司,,山东省枣庄市薛城区能源循环经济百亿产业园区薛能2路,,,,30000000,2016
枣庄宏昌化工有限公司,,滕州市张汪镇后寨子村,,,,2600000,2003
山东圣火旭龙煤化工有限公司,,薛城区陶庄镇夏庄,,,,32000000,2004
山东兖煤化工装备工程有限公司,,滕州市木石镇高科技化工园区内,,,,30000000,2014
滕州中正化工有限公司,,滕州市南沙河镇前房村东滕枣路东侧,,,,500000,2002
山东瑞德化工仪器有限公司,,山东省枣庄市滕州市北辛街道接官巷98号,,,,3000000,2013
滕州市鑫美化工仪器有限公司,,滕州市龙泉街道办事处南侯庄村北区2排7号,,,,500000,2014
山东翔瀚化工有限公司,,山东省枣庄市滕州市木石镇木石化工园区8号,,,,20000000,2016
枣庄宇阳化工有限公司,,山东省枣庄市市中区西王庄镇东王庄村枣庄经济开发区中泰精细化工产业园,,,,20000000,2008
山东御正化工科技有限公司,,山东省枣庄市市中区西王庄乡东王庄村,,,,5000000,2014
枣庄鑫和化工有限公司,,山东省枣庄市市中区齐村镇乔屯村村西,,,,20000000,2006
山东丰茂化工有限公司,,山东省枣庄高新区德圣路669号便民服务中心,,,,10000000,2016
山东荆河日用化工有限公司,,滕州市北辛路东首,,,,9000000,2003
滕州市蓝天化工有限公司,,滕州市益康大道北段(市民营园区内),,,,10000000,2001
枣庄禾祥化工科技有限公司,,枣庄市峄城区吴林街道办事处院内,,,,20000000,2013
枣庄兴民涂料化工有限公司,,峄城区经济开发区,,,,11080000,2005
枣庄南方化工有限公司,,山东省枣庄高新区永福北路238号,,,,15000000,1998
枣庄宏昇化工有限公司,,山东省枣庄市市中区西王庄镇中泰化工园,,,,8000000,2015
枣庄民兴化工有限公司,,薛城天山路西,,,,10000000,2007
山东弘康化工有限公司,,薛城区城南小区340号,,,,3000000,2013
滕州市裕润化工有限公司,,滕州市木石镇驻地(木石桥口村),,,,3000000,2005
枣庄市嘉明精细化工有限公司,,枣庄市台儿庄区经济开发区广进路西、长安路北,,,,10000000,2010
滕州建哈机械化工有限公司,,滕州经济开发区腾飞东路1299号,,,,12000000,2003
滕州市祥运化工有限公司,,滕州市官桥镇官桥村村北500米处,,,,10000000,2008
枣庄市振达化工有限公司,,山亭区凫城乡驻地张庄中学院内,,,,1000000,2007
枣庄星光化工有限公司,,台儿庄区长安路西首,,,,500000,2009
滕州市立新化工有限公司,,滕州市大坞镇前峄庄西村,,,,1000000,2005
滕州市光大物资化工有限公司,,滕州市五里屯村西,,,,2000000,2000
山东拓博昊源化工有限公司,,滕州市木石镇驻地,,,,20000000,2005
枣庄市美华化工有限公司,,山东省枣庄市薛城区陶庄镇史湖村北侧,,,,500000,2005
枣庄富宇燃料化工有限公司,,市中区解放北路西,,,,500000,2008
枣庄市友联化工有限公司,,峄城区经济开发区峨山工业园,,,,5200000,2008
枣庄市金运化工有限公司,,薛城区陶庄镇夏庄村,,,,500000,2004
枣庄宏升化工有限公司,,峄城区岳庄村村南,,,,5000000,2006
滕州市一诺化工有限公司,,滕州市洪绪镇玉楼村,,,,5000000,2007
枣庄宗大化工有限公司,,滕州市学院西路清河花园1栋9号,,,,990000,2006
枣庄市东涛化工技术有限公司,,市中区齐村镇朱子埠村,,,,10000000,2004
枣庄明宇化工有限公司,,山东枣庄台儿庄马兰屯彭楼村,,,,3600000,2014
枣庄凯普化工科技有限公司,,山东省枣庄市市中区鑫和国际3号-1002,,,,5000000,2014
山东赛诺思精细化工有限公司,,山东省枣庄市市中区十里泉东路1号,,,,10000000,2013
山东征伟化工科技有限公司,,山东省枣庄市市中区光明路街道光明东路10号,,,,5000000,2016
枣庄晟昊精细化工有限公司,,滕州市木石镇桥口村,,,,5000000,2006
山东拓博塑料制品有限公司,,滕州市木石镇驻地,,,,50180000,2004
枣庄市博洋化工有限公司,,山东省枣庄市薛城区民生路999号翰景名座A区20层13室,,,,6000000,2012
山东富诚化工有限公司,,滕州市木石镇驻地,,,,10000000,2010
山东神驰化工集团有限公司,,东营区郝纯路129号,,,,200000000,2001
山东中海化工集团有限公司,,东营市河口区河庆路175号,,,,100000000,2008
山东万通石油化工集团有限公司,,东营区郝纯路,,,,1198000000,1998
山东海科化工集团有限公司,,东营市东营区郝纯路西侧,,,,115000000,2006
山东圣光化工集团有限公司,,广饶县经济开发区,,,,100000000,2000
山东金茂纺织化工集团有限公司,,东营市东营区莒州路56号,,,,148000000,2004
东营利丰化工新材料有限公司,,东营市垦利区郝家西郊工贸发展基地、秦家路以西,,,,50000000,2007
山东宝莫生物化工股份有限公司,,山东省东营市东营区西四路892号,,,,612000000,1996
山东鲁深发化工有限公司,,东营港经济开发区港西二路以西、港北二路以南,,,,165180000,2009
江山联合化工集团有限公司,,广饶县大王镇复兴王村,,,,160000000,2009
东营华泰化工集团有限公司,,山东省东营市东营区钱塘江路11号,,,,405941766,2004
山东贝斯特化工有限公司,,广饶县经济开发区团结路675号,,,,176000000,2000
山东坤宝化工股份有限公司,,山东省东营市垦利区经济开发区石新路17号,,,,18000000,2001
东营华联石油化工厂有限公司,,东营市河口区滨孤路88号,,,,680000000,2006
山东德仕石油工程集团股份有限公司,,东营区胜利工业园,,,,80964956,2002
山东瑞天化工有限公司,,东营市广饶县稻庄镇高效生态经济园,,,,201000000,2012
山东常青树胶业股份有限公司,,东营市河口区海宁路777号,,,,40000000,2008
东营市神州化工有限公司,,东营经济开发区永安镇南五公里,,,,50000000,2004
山东汇海医药化工有限公司,,东营市河口区经济技术开发区,,,,80000000,2005
利华益维远化工有限公司,,山东省东营市利津县利十路208号,,,,350000000,2010
山东红海化工有限公司,,东营市河口蓝色经济开发区,,,,180000000,2011
胜利油田高原化工有限公司,,东营市东营区府前大街82号,,,,80000000,2002
利津森化化工有限公司,,利津县永莘路188号,,,,80000000,2004
山东金岭化工股份有限公司,,东营市广饶县大王经济技术开发区,,,,466500000,2000
山东华滨化工科技有限公司,,东营港经济开发区,,,,70000000,2011
山东百联化工有限公司,,利津县经济开发区,,,,68000000,2005
山东威瑞化工有限公司,,山东省东营市东营港经济开发区港城路北、港西二路东,,,,1000000000,2016
山东庆祥石油化工有限公司,,东营西郊现代服务区,,,,50000000,2004
山东瑞特精细化工有限公司,,广饶县经济技术开发区,,,,101000000,2002
东辰控股集团有限公司,,东营市垦利区胜坨镇府西,,,,210000000,1997
东营金华精细化工有限公司,,东营市东营区东四路59号,,,,91221600,2004
东营贝斯特化工科技有限公司,,广饶县经济开发区8号路南侧,,,,270000000,2015
山东国丰君达化工科技股份有限公司,,东营区史口镇史口村,,,,19725000,2000
中海石油东营石化有限公司,,东营市河口区滨孤路68号,,,,80691272,2007
山东仕通化工有限公司,,东营市河口区黄河路87号,,,,100000000,2006
胜利德润能源股份有限公司,,东营市东营区东赵经济园区,,,,105000000,2005
山东万福达化工有限公司,,东营港经济开发区海港路南、港西三路西,,,,200000000,2011
利华益利津炼化有限公司,,利津县永莘路55号,,,,430480000,1994
东营市正翔化工有限公司,,东营市河口区六合乡荆家村,,,,65000000,2009
山东康瑞集团有限公司,,东营市垦利区开发区振兴路233号,,,,50000000,2000
山东津博化工有限公司,,利津县盐窝镇南洼村,,,,52000000,1989
东营旺豪化工有限公司,,山东省东营市垦利区胜坨镇丰收路1号,,,,50500000,2002
东营海源化工股份有限公司,,东营港经济开发区港北二路南、港西三路东,,,,40000000,2011
山东维尔斯化工有限公司,,广饶县稻庄镇原西刘桥乡政府驻地,,,,102800000,2007
山东元邦化工有限公司,,东营市垦利区胜坨镇精细化工园,,,,70000000,2012
山东未来化工有限公司,,广饶经济开发区广明路以北,,,,30000000,2008
山东飞腾化工有限公司,,广饶县稻庄镇,,,,70000000,2009
山东齐发化工有限公司,,东营区辛河路东600米(牛庄镇小宋村),,,,300000000,2006
东营胜利中亚化工有限公司,,东营东营区史口镇,,,,180000000,2003
山东军胜化工集团有限公司,,东营市河口区滨孤路69号,,,,80000000,2009
山东红星化工有限公司,,广饶新兴工业园,,,,50000000,1999
山东胜星化工有限公司,,山东省东营市广饶县山东大王经济开发区胜利路3号,,,,500000000,2009
东营明德化工有限公司,,山东省东营市东营港经济开发区海港路北、东港路西,,,,60000000,2017
山东华盛化工有限公司,,利津县陈庄工业园,,,,160000000,2008
东营临广化工有限公司,,东营市广饶县丁庄镇政府驻地,,,,24000000,2010
东营顺通化工(集团)有限公司,,山东东营东营港经济开发区港西二路西、S一号路南,,,,100000000,1998
山东华泰英特罗斯化工有限公司,,东营经济开发区渤海路以南、经一路以东,,,,105000000,2010
山东胜太隆化工有限公司,,垦利开发区康兴路以南、泰兴路以北,,,,36000000,2008
山东东昌精细化工科技有限公司,,东营市东营区黄河路38号,,,,39060000,2001
山东奥美特化工有限公司,,山东省东营市东营港经济开发区港西二路以东、港西一路以西、规划中的海滨路以南,,,,86000000,2012
山东齐通化工有限公司,,广饶稻庄镇西大路村,,,,66000000,2009
东营合益化工有限公司,,垦利县胜坨精细化工园,,,,20000000,2009
山东创蓝石油化工有限公司,,山东省东营市河口区蓝色经济产业园经三路以西、东营泰贝尔化学科技有限公司以东,,,,50000000,2016
东营市福中化工有限公司,,山东省东营市东营区郑州路306号齐龙世纪花园33幢东座,,,,50000000,2012
山东拓达化工有限公司,,山东省东营市东营区北一路747号,,,,50000000,2013
东营市海域化工有限公司,,东营市垦利区胜坨镇崔家村村南1000米,,,,60000000,2010
山东广悦化工有限公司,,利津县刁口乡政府驻地,,,,220000000,2012
山东金冠化工有限公司,,利津县陈庄镇经济开发区,,,,110000000,2007
山东永泰集团有限公司,,广饶县大王镇橡胶工业园青垦路262号,,,,128000000,1995
山东柯林维尔化工股份有限公司,,利津县利五路津六路交叉口西南,,,,10000000,2004
东营市庆达化工有限公司,,广饶县大王镇李桥西村,,,,20000000,2013
中海外石油化工有限公司,,东营市垦利区胜兴路1118号,,,,50000000,2016
东营融信石油化工有限公司,,山东省东营市河口区河庆路179号,,,,50000000,2016
东营市晟和化工有限公司,,垦利县胜坨镇工业园,,,,94000000,2016
东营佳林化工有限公司,,利津县刁口乡政府驻地,,,,50000000,2002
东营万泽石油化工有限公司,,山东省东营市河口区河庆路179号,,,,50000000,2015
东营市垦利区汇丰化工有限公司,,东营市垦利区胜坨镇,,,,50000000,2008
东营江源化工有限公司,,广饶县大王镇大王西村,,,,62000000,2008
山东启航化工有限公司,,山东省东营市东营区银河路28号,,,,30000000,2014
山东义辉化工有限公司,,利津县经济开发区店前路以西、前六村土地以南,,,,80000000,2011
广饶瑞海化工有限公司,,广饶县广饶街道踊跃路以北,,,,50000000,2017
山东威特化工有限公司,,山东省东营市垦利区胜坨镇永莘路73号,,,,100000000,2016
山东世强化工有限公司,,东营市河口区孤岛镇光明路北侧,,,,30000000,2001
中节能万润股份有限公司,,烟台市经济技术开发区五指山路11号,,,,909133215,1995
烟台万华化工有限公司,,山东省烟台市经济技术开发区天山路17号,,,,78930407,2018
烟台巨力精细化工股份有限公司,,山东省莱阳市经济开发区崂山路6号,,,,403200000,2001
烟台腾辉化工有限公司,,烟台经济技术开发区嘉陵江路85号,,,,,2014
山东三和机械化工程集团有限公司,,山东省招远市玲珑路169号,,,,100000000,1999
山东科源化工有限公司,,山东省莱州市银海工业园区,,,,62080000,2007
烟台恒邦化工有限公司,,牟平区大窑镇北莒城,,,,240000000,2001
烟台和东石油化工有限公司,,山东省莱阳市柏林庄镇周家疃村西,,,,42000000,2011
烟台迎丰化工有限公司,,山东省烟台市经济技术开发区长江路利民商厦505号,,,,70000000,2017
莱州市莱玉化工有限公司,,山东烟台莱州市城港路街道朱由,,,,50000000,1998
蓬莱新光颜料化工有限公司,,山东省蓬莱市北沟镇海润南路3号,,,,129653600,1996
山东云天化工油品有限公司,,芝罘区上夼西路85-408室,,,,50000000,2004
烟台远东精细化工有限公司,,山东省烟台市莱阳市经济开发区长江路79号,,,,50000000,2013
国储能源化工(烟台)有限公司,,山东省龙口市烟潍路南新嘉街道办事处二楼,,,,100000000,2008
蓬莱星火化工有限公司,,山东省蓬莱市大辛店镇驻地,,,,50000000,2009
山东道恩海玛德里化工有限公司,,山东省龙口市龙口经济开发区和平路北首,,,,50000000,2009
烟台正丰化工有限公司,,烟台开发区八角工业园,,,,40000000,2005
烟台开发区星火化工有限公司,,烟台开发区昆仑山路69号,,,,65000000,1999
烟台润鸿化工有限公司,,山东省烟台市莱山区轸大路62号,,,,30000000,2012
莱州东方石油化工港储有限公司,,山东省莱州市三山岛特别工业区,,,,,2003
烟台金正精细化工有限公司,,烟台芝罘区幸福中路211号,,,,30200000,1994
山东大易化工有限公司,,山东省莱阳市丹崖西路1号,,,,20000000,1998
烟台恒邦化工助剂有限公司,,牟平区水道镇驻地,,,,60000000,2003
长岛常丰石油化工有限公司,,山东省烟台市长岛县海滨路408号,,,,32500000,2003
烟台云博化工有限公司,,山东烟台开发区长江路33号内357号,,,,50000000,2014
烟台瑞达化工有限公司,,山东省烟台市经济技术开发区B-22小区,,,,20000000,2003
龙口滨港液体化工码头有限公司,,山东省龙口市环海路24号,,,,160000000,2004
烟台万海舟化工有限公司,,烟台经济技术开发区五指山路8号,,,,32000000,2002
烟台大兴化工机械科技有限公司,,山东省烟台市经济技术开发区金沙江路159号A座410室,,,,50000000,2015
烟台市韩塑化工科技有限公司,,山东省烟台市经济技术开发区无锡路10号,,,,,2015
中商双源石油化工有限公司,,山东省烟台市芝罘区环山路付199-15号,,,,60000000,2009
烟台显华化工科技有限公司,,烟台开发区F-12小区甬江三支路6号,,,,100000000,2003
烟台融佳精细化工有限公司,,烟台经济技术开发区长江路79号内1号4层,,,,,2014
山东祥顺石油化工有限公司,,山东省烟台市芝罘区环海路89号,,,,50000000,2017
烟台联利化工有限公司,,山东省烟台市莱阳市开发区长江路88号,,,,50000000,2016
山东安港石油化工有限公司,,山东省烟台市龙口市龙港街道206国道恒通物流园内4-421,,,,50000000,2018
中化工储运有限公司,,山东省莱州市三山岛街道海滨路,,,,150000000,2011
烟台万华华海化工有限公司,,山东省烟台市经济技术开发区天山路17号,,,,80000000,2015
龙口市翔合石油化工有限公司,,山东省烟台市龙口市龙港街道206国道恒通物流园内4-422,,,,50000000,2017
龙口启航石油化工有限公司,,山东省烟台市龙口市龙港街道206国道附近,,,,50000000,2017
山东天德石油化工有限公司,,山东省烟台市龙口市龙港街道恒通物流园,,,,50000000,2017
烟台市胜凯化工有限公司,,山东省烟台市芝罘区二马路111-1-1101号,,,,50000000,2015
特丝丽化工有限公司,,山东省龙口市北马镇,,,,,1992
烟台市奥丰化工原料有限公司,,山东省烟台市芝罘区化工路116号,,,,5000000,2010
蓬莱嘉信染料化工股份有限公司,,山东省蓬莱市北沟化工园区嘉信路1号,,,,18000000,2010
烟台保立佳化工科技有限公司,,烟台开发区福州路41号内2号,,,,20000000,2004
蓬莱红卫化工有限公司,,蓬莱市北沟镇华盛路2号,,,,18800000,1986
烟台广达化工塑料有限公司,,山东省招远市大秦家镇政府驻地,,,,,1992
山东昊运石油化工有限公司,,山东省烟台市龙口市龙口新龙家苑东临街A-1#,,,,35555500,2015
烟台裕祥精细化工有限公司,,山东省烟台市栖霞市经济开发区三菱公司东,,,,20037365,2005
烟台广泰化工机械设备制造有限公司,,烟台高新区东泊子村,,,,35000000,2007
蓬莱海洋(山东)股份有限公司,,山东省烟台市蓬莱市经济开发区金创路168号,,,,44000000,1995
烟台龙润化工机械有限公司,,山东烟台莱州市沙河镇西孙哥庄村,,,,5000000,2014
山东龙兴集团莱州化工建材有限公司,,山东烟台莱州市沙河镇路旺烟潍路口,,,,3520000,2004
烟台鲁中石油化工有限公司,,山东省烟台市龙口市东莱街道黄城博士小区沿街楼17号,,,,33000000,2014
山东日升化工有限公司,,山东省莱阳市山前店镇山前店村北一级路南,,,,30000000,2012
烟台新康精细化工有限公司,,山东省烟台市经济技术开发区北京北路22号内6号,,,,30000000,2011
烟台市环港化工产品有限公司,,山东省烟台市海阳市海滨中路163号创新创业大厦,,,,30000000,2018
烟台恒鑫化工科技有限公司,,烟台开发区武汉大街19号,,,,19180000,2002
烟台宝誉石油化工有限公司,,烟台开发区八角街道办事处八角大街1658号,,,,30000000,2012
烟台广晖化工产品有限公司,,山东省烟台市芝罘区环山路156号-1-204号,,,,30000000,2018
烟台锦润化工有限公司,,山东烟台开发区长江路173号6层8号,,,,2000000,2014
烟台佳承化工科技有限公司,,山东省烟台市福山区群英路70号,,,,5000000,2009
烟台北洋精细化工有限公司,,山东省蓬莱市北沟镇王格庄村,,,,1000000,2005
山东文峰化工塑料有限公司,,山东省烟台市莱州市沙河镇小珍珠村,,,,5890000,2002
山东琮昌石油化工有限公司,,山东省烟台市龙口市龙港街道206国道恒通物流园内4-425,,,,30000000,2018
海阳鲁中石油化工有限公司,,山东省烟台市海阳市龙山街57号,,,,30000000,2014
烟台科达化工有限公司,,山东省招远市泉山路100号,,,,10000000,2000
烟台通世化工有限公司,,芝罘区幸福十一村,,,,20000000,2002
烟台市双双化工有限公司,,山东省烟台市海阳市徐家店镇驻地,,,,2000000,1999
烟台凯联化工有限公司,,山东省烟台市芝罘区珠玑北路219号,,,,6900000,1981
烟台新诺化工有限公司,,山东省烟台市牟平区三山路,,,,2000000,2007
山东泰茂化工科技有限公司,,山东省莱阳市经济技术开发区D区,,,,3000000,2010
烟台瑞茂通石油化工有限公司,,山东省烟台市牟平区安德利街18号,,,,30000000,2017
山东隆和通生物化工科技有限公司,,山东省烟台市海阳市凤城工业园,,,,20000000,2007
莱州市三鼎化工有限公司,,莱州经济开发区,,,,,2002
烟台天铱化工科技股份有限公司,,山东省烟台市芝罘区幸福中路252号,,,,20000000,2015
莱州市兴远化工机械有限公司,,山东省烟台市莱州市虎头崖镇西高家村,,,,500000,2015
栖霞澳通化工有限公司,,山东省栖霞市臧家庄镇龙回头村,,,,20000000,2009
烟台科立化工设备有限公司,,莱山区隆昌路17号,,,,5000000,2005
招远三联化工厂有限公司,,山东省烟台市招远市金岭镇大户陈家村,,,,10500000,1987
招远市石油化工厂有限公司,,山东省招远市罗峰街道办事处南楼里头村西,,,,9347000,1988
山东和信化工集团有限公司,,寿光市文家街道德寿街9号,,,,,2002
山东潍坊润丰化工股份有限公司,,山东省潍坊市滨海经济开发区氯碱路03001号,,,,207130000,2005
中化弘润石油化工有限公司,,潍坊高新技术产业开发区福寿东街中段,,,,793580000,1997
山东海王化工股份有限公司,,山东潍坊滨海经济技术开发区央子街道汉江西街,,,,90000000,2003
潍坊石花化工建材有限公司,,寿光市化龙镇丰城北侧,,,,100860000,2000
山东恒昌圣诚化工股份有限公司,,临朐县冶源镇宫家坡村,,,,23830000,2005
寿光宏泽化工有限公司,,寿光市老河口,,,,2200000,2003
山东庆大化工有限公司,,山东省潍坊市青州市益都街道办事处驻地,,,,53000000,2006
寿光市博宇化工股份有限公司,,寿光市渤海化工园黄海路中段,,,,7500000,2006
山东联盟化工股份有限公司,,寿光市侯镇项目区,,,,660000000,2000
山东新永辉化工有限公司,,山东省潍坊市高密市昌安大道北首东侧,,,,100050000,2006
潍坊振兴日升化工有限公司,,昌乐县朱刘街道团结路25号,,,,100000000,2004
潍坊市阳光化工股份有限公司,,山东省潍坊市青州市东夏镇刘胡同村,,,,7000000,2002
潍坊滨海石油化工有限公司,,潍坊市滨海经济开发区香江西一街001001号,,,,,2005
山东亿嘉农化有限公司,,寿光市开发区,,,,22792000,2001
寿光新天化工有限公司,,"寿光市侯镇项目区疏港路以西,乐化路以北",,,,30000000,2013
山东兄弟实业集团有限公司,,寿光市化龙镇,,,,32730000,2000
潍坊中汇化工有限公司,,潍坊滨海经济开发区昌海大街以北、海丰路以西,,,,20000000,2008
潍坊亿特化工有限公司,,昌乐县朱刘工业园,,,,3000000,2007
山东大地苏普化工有限公司,,寿光市侯镇项目区,,,,65400000,2012
潍坊天创化工股份有限公司,,寿光市侯镇项目区东信路中段,,,,20000000,2009
山东海利尔化工有限公司,,潍坊滨海经济开发区临港工业园,,,,51660000,2007
寿光市联盟石油化工有限公司,,寿光市侯镇项目区,,,,100000000,2001
山东凯龙化工科技发展有限公司,,潍坊滨海经济开发区临港工业园北环路以南,,,,40200000,2008
山东润科化工股份有限公司,,潍坊滨海开发区临港化工园,,,,44000000,2006
潍坊世华化工有限公司,,潍坊滨海经济开发区先进制造业产业园香江西街003266号,,,,,2006
山东杰富意振兴化工有限公司,,潍坊市昌乐县朱刘街道办事处,,,,198300000,2005
潍坊科伦比恩化工有限公司,,潍坊滨海经济开发区禄海路中段,,,,,2003
山东万山化工有限公司,,昌乐县朱刘街道万山路中段,,,,120000000,2004
寿光市瑞海化工有限公司,,寿光市上口镇东方大街西段路北,,,,625000,2006
山东兄弟科技股份有限公司,,寿光市渤海工业园羊口镇以南,,,,123300000,2006
潍坊亚星集团有限公司,,奎文区鸢飞路899号,,,,138784548,1989
潍坊亿兴化工科技有限公司,,C昌邑市开发区山前街南,,,,30000000,2007
山东福瑞化工有限公司,,寿光市经济开发区东环路北段路东,,,,185000000,2002
诸城泰盛化工股份有限公司,,诸城市贾悦镇泰盛路1号,,,,110000000,1994
潍坊星兴联合化工有限公司,,潍坊市寒亭区民主街529号,,,,60000000,2005
山东华廷化工有限公司,,东红高速路(青州段)6号口,,,,5600000,2001
山东龙震集团有限公司,,潍坊市滨海经济开发区央子街道北7.5公里处,,,,35000000,2004
山东海化集团有限公司,,山东潍坊滨海经济开发区,,,,554171375,1996
寿光市国力化工股份有限公司,,寿光市羊口镇渤海工业园羊临路以东渤海东路以南,,,,10000000,2012
潍坊市金玉华化工有限公司,,青州市黄楼街道办事处潘村,,,,50000000,2006
潍坊亚峰化工仪表有限公司,,山东省潍坊市潍城区乐埠山创新科技产业园天成街西首,,,,30000000,2006
潍坊先达化工有限公司,,潍坊滨海经济开发区临港化工园东二户,,,,50000000,2006
潍坊中农联合化工有限公司,,潍坊滨海经济开发区临港化工园内,,,,127400000,2006
巴夫特(潍坊)化工有限公司,,青州市昭德北路2699号,,,,,2002
潍坊凯力石油化工机械有限公司,,寿光市稻田镇,,,,38000000,2001
山东豪俐恒石油化工有限公司,,青州市高柳镇阳河工业园,,,,50000000,2011
潍坊万博化工股份有限公司,,寿光市侯镇大地化工园,,,,3620000,2006
高密建滔化工有限公司,,高密市姜庄镇仁和社区旗台路西侧2号,,,,,2004
山东滨海化工商务有限公司,,潍坊市滨海经济开发区海源街与大海路交叉路口,,,,20000000,2010
山东国海化工有限公司,,山东潍坊滨海经济开发区洗盐路中段路北,,,,80000000,2013
山东成泰化工有限公司,,昌邑滨海(下营)经济开发区,,,,125000000,2011
潍坊海邦化工有限公司,,潍坊滨海经济开发区临港工业园内,,,,42000000,2007
潍坊金信达生物化工有限公司,,山东潍坊滨海经济开发区双创路000128号,,,,30000000,2007
昌乐德润化工有限公司,,昌乐县乔官镇工业园(大沂路东潍临路北),,,,100000000,2007
山东东信化工股份有限公司,,山东省潍坊市寿光市侯镇工业园东信路28号,,,,12000000,2002
潍坊康顺化工有限公司,,山东省潍坊市昌邑市都昌街道石化路206号,,,,36000000,2016
寿光卫东化工有限公司,,寿光市羊口镇西,,,,50000000,2004
潍坊强源化工有限公司,,潍坊滨海经济开发区工业园内,,,,10000000,2002
山东科润生物化工有限公司,,寿光经济开发区兴源西路北首巨能热电以西,,,,50000000,2005
寿光裕立化工有限公司,,寿光市田柳镇王高工业园,,,,32000000,2003
山东天信化工有限公司,,寿光市侯镇项目区金源路,,,,14500000,2004
青州天安化工有限公司,,"青州市经济开发区东方路东侧,中心路北侧",,,,152700000,2007
潍坊双丰化工有限公司,,潍坊市海化开发区孟家庄子村以南、昌大路以东,,,,,2008
潍坊大业化工股份有限公司,,临朐县龙岗镇工业园,,,,70000000,2009
寿光市裕鑫化工有限公司,,寿光市卧铺乡清河采油厂第二生活区,,,,260990000,2000
潍坊振兴宏盛精细化工有限公司,,昌乐县朱刘街道团结路25号,,,,100000000,2011
潍坊泽宇化工有限公司,,山东省潍坊市滨海区大家洼街道长江西街06333号,,,,100000000,2016
潍坊宁坤化工有限公司,,山东省潍坊市滨海区大家洼街道西海路与海滨街交叉路口以北30米,,,,50000000,2018
潍坊威朋化工有限公司,,潍坊市寒亭区民主街529号,,,,,2004
潍坊绿霸化工有限公司,,潍坊滨海经济开发区临港化工园内临港四路以西,,,,150000000,2007
潍坊天瑞化工有限公司,,山东省潍坊市寒亭区益新街6239号,,,,20000000,2000
山东寿光神润发海洋化工有限公司,,寿光渤海化工园黄海路8号,,,,250000000,2006
山东恒臻化工有限公司,,"寿光市羊口镇北海路以南,汉江路以西",,,,57000000,2017
潍坊新绿化工有限公司,,山东潍坊滨海经济技术开发区海化工业园临港路以东辽河西二街以南,,,,160000000,2014
青州市昊天化工有限公司,,山东省潍坊市青州市邵庄镇仰天山路3017号11楼,,,,100000000,2018
潍坊格尔化工有限公司,,寿光市侯镇大地工业园,,,,21000000,2006
山东海化盛兴化工有限公司,,青州市稷山路1591号,,,,50000000,2002
潍坊汇韬化工有限公司,,山东潍坊滨海经济开发区央子街道海旺路002699号,,,,11000000,2001
潍坊加华化工有限公司,,山东潍坊滨海经济开发区央子街道先进制造业产业园香江西街003288号,,,,75000000,2007
山东金典化工有限公司,,昌邑市沿海经济发展区,,,,80000000,2010
潍坊利吉尔化工有限公司,,山东省潍坊市滨海区大家洼海化街以北、大华路以西滨海数码广场A座601,,,,100000000,2018
潍坊格尔一二三化工集团有限公司,,寿光市侯镇大九路与新海路交叉路口西100米,,,,30000000,2016
潍坊尚舜化工有限公司,,山东省潍坊市滨海区双创路01033号,,,,100000000,2010
山东东方宏业化工有限公司,,寿光市侯镇项目区金源小区,,,,164000000,2009
潍坊泽源化工有限公司,,山东省潍坊市滨海区大家洼街道禄海路南段路东1号楼,,,,60000000,2010
青州欧斯诺化工有限公司,,青州市邵庄工业园区,,,,50000000,2007
山东海天生物化工有限公司,,昌邑市下营经济开发区金晶大道1号,,,,1369116810,2003
潍坊三昌化工科技有限公司,,山东省潍坊市滨海区大家洼街道海化街04979号7号楼1101室,,,,60000000,2016
潍坊涵丰化工有限公司,,山东省潍坊市滨海区昌大路与创新街交叉路口往北20米路东,,,,50000000,2008
山东中宇化工科技有限公司,,寿光市新兴街南生产资料沿街楼13号,,,,60000000,2015
山东欧朗化工科技有限公司,,山东省潍坊市安丘市新安街道关王工业园,,,,60000000,2015
山东老伙计化工有限公司,,山东省寿光市经济开发区东环北路北首,,,,70000000,2004
山东寿光广汇化工有限公司,,寿光市侯镇工业园联盟路东首,,,,100000000,2010
昌乐海洲化工股份有限公司,,昌乐县朱刘街道朱刘西村东北,,,,21800000,2009
潍坊澳亚精细化工科技有限公司,,寿光市新华路与辛海路交叉路口东100米路北,,,,82000000,2012
山东景山石油化工有限公司,,济宁高新区海关东路1号,,,,101700000,2003
山东康泰化工有限公司,,济宁市济北化工园区晨光路西首北侧,,,,30000000,2012
兖矿科蓝凯美特化工有限公司,,济宁市金乡县胡集镇济宁化学工业开发区,,,,195950000,1995
山东炜杰化工科技有限公司,,金乡县胡集镇济宁化学工业开发区,,,,50000000,2016
山东天成化工有限公司,,济宁市兖州区北站西路66号,,,,60000000,1999
山东雷特斯蒂石油化工股份有限公司,,邹城市看庄镇夏看村东南孟官村西南,,,,50000000,2014
济宁键邦化工有限公司,,山东省济宁市金乡县胡集镇济宁化学工业开发区,,,,50180000,2014
山东鲁鹏化工有限公司,,梁山县韩垓镇双韩路中段工业园,,,,30000000,2005
山东远联化工股份有限公司,,山东省济宁市嘉祥县经济开发区新民路南首路西,,,,10000000,2015
山东天成万丰化工科技有限公司,,济宁市兖州区北站西路66号,,,,300000000,2012
汶上县安利化工有限公司,,汶上县城经济开发区,,,,20000000,2004
山东中弘化工有限公司,,济宁高新区火炬城4号楼第4A318号,,,,20000000,2015
山东山鹰化工有限公司,,梁山县韩垓开发区,,,,31000000,2002
山东日青石油化工有限公司,,汶上县义桥镇马庄南村143号,,,,30000000,2014
曲阜市润海化工有限公司,,曲阜市经济开发区火车站路北首,,,,70000000,2006
山东雪花生物化工股份有限公司,,山东省济宁市高新区,,,,89167800,2000
济宁金丹化工有限公司,,金乡县济宁市化学工业经济技术开发区内,,,,152000000,2014
济宁南天农科化工有限公司,,金乡县济宁化学工业经济技术开发区铁道南路路北,,,,43140000,2015
山东星洋石油化工有限公司,,济宁市金乡县西城区工业园,,,,50000000,2009
兖矿化工有限公司,,山东省济宁市邹城市矿建西路439号,,,,50000000,2016
济宁市泓源化工经贸有限公司,,济宁市济邹路北接庄镇东2公里(南集二村),,,,53800000,2003
山东钰泰化工有限公司,,济宁市汶上县寅寺镇化工产业园区联想路中段路东,,,,100000000,2018
邹城市鑫尔达化工有限公司,,山东省济宁市邹城市峄化路2689号,,,,150000000,2015
济宁海油化工有限公司,,济宁市任城区济鱼路北首,,,,50000000,2012
济宁鼎浩化工科技有限公司,,汶上县寅寺镇政府驻地,,,,50000000,2016
山东金乡德华化工有限公司,,金乡县城北原105国道路西,,,,120000000,2005
山东兴林化工有限公司,,山东省济宁市任城区太白路万达广场18号楼十二层1212号,,,,50000000,2018
济宁蓝光化工科技有限公司,,济宁市红星西路105号,,,,60000000,2004
山东聚合赢信石油化工有限公司,,山东省济宁市任城区太白中路75号五交化商场4楼426室,,,,50000000,2017
济宁市岳威化工有限公司,,曲阜孔子国际商品交易城福源西二街63A,,,,600000,2013
济宁市兖州区银泉精细化工有限公司,,济宁市兖州区经济开发区安阳路中段,,,,30000000,2013
济宁辰光美博化工有限公司,,济宁市任城区二十里铺105国道东侧,,,,80000000,2008
济宁赫尔化工有限公司,,济宁市济北高新技术产业园,,,,30000000,2012
山东昊油石油化工有限公司,,金乡县卜集镇夏庄村东南谢线北侧,,,,50000000,2017
济宁韩泰石油化工有限公司,,济宁市汶上县南站镇驻地,,,,60000000,2004
曲阜市七星建材化工有限公司,,曲阜市王庄乡工业小区,,,,8000000,2002
山东典尚石油化工有限公司,,济宁市市中区安居镇私营工业园区,,,,40000000,2007
山东明亮特种设备化工拆除有限公司,,山东省济宁市邹城市田黄镇东罗村西首,,,,60000000,2017
山东济宁天和石油化工有限公司,,山东省济宁经济开发区宏祥路南、嘉美路东,,,,30000000,2008
山东恒新源机电化工设备制造有限公司,,邹城市平阳寺镇马厂村,,,,50060000,2008
山东燕化石油化工有限公司,,济宁市金宇路47号汇景国际城C座1513室,,,,10000000,2012
汶上县中海石油化工有限公司,,汶上县西门村北105国道565公里处,,,,5000000,2013
山东锐茂石油化工有限公司,,金乡县城新105国道东文峰西路北侧,,,,10000000,2012
济宁市航帆化工有限公司,,济宁经济开发区坑王村东500米,,,,6000000,2008
山东沃腾化工有限公司,,济宁市化学工业经济技术开发区,,,,30000000,2013
济宁凯特化工有限公司,,鱼台县张黄镇化工园区内金威路北,,,,20000000,2014
山东济宁锦祥化工有限公司,,汶上县寅寺镇政府驻地(联想化工园区),,,,30000000,2007
山东邦泽石油化工有限公司,,鱼台县张黄镇工业园区梁岗村西南,,,,30000000,2011
山东淼雨石油化工有限公司,,金乡县城文峰西路北侧,,,,30000000,2015
微山县东泰化工有限公司,,微山县韩庄镇车站村南一公里,,,,30000000,2013
山东省梁山县三金化工有限公司,,梁山县马营乡政府东500米路南,,,,30000000,2009
济宁巨顺煤化工有限公司,,邹城市凫山南路839号,,,,30000000,2007
山东京杭化工有限公司,,山东省济宁市梁山开发区梁五路南中段,,,,10000000,2006
济宁宏伟化工有限公司,,车站东路44号,,,,1000000,2000
济宁圣铠润化工设备有限公司,,山东省济宁市嘉祥县马村镇胡楼村北300米,,,,30000000,2014
济宁市金泰利华化工科技有限公司,,鱼台县张黄镇防汛路东首路北,,,,20000000,2015
兖矿济宁化工装备有限公司,,山东省济宁市高新区接贾路1号,,,,10790000,1989
梁山腾运化工设备有限公司,,山东省济宁市梁山县拳铺镇琉璃井村,,,,500000,2015
山东沃源石化股份有限公司,,济宁市济北高新区技术产业园区,,,,30000000,2014
济宁市恒发化工有限公司,,汶上县南旺镇驻地,,,,16900000,2007
曲阜市欣欣化工有限公司,,曲阜市姚村镇颜氏产业园,,,,500000,2010
济宁市信慧化工科技有限公司,,济宁高新区山博路6号,,,,22770000,1999
济宁市向阳化工有限公司,,山东省济宁市兖州区兖颜公路棉三厂对过,,,,500000,2000
济宁金寅化工有限公司,,汶上县寅寺镇政府驻地,,,,10000000,2017
山东嘉源化工有限公司,,汶上县寅寺镇政府驻地,,,,10000000,2014
金乡恒德化工有限公司,,金乡县胡集镇济宁化学工业开发区,,,,20000000,2012
山东瑞晴化工有限公司,,汶上县寅寺镇政府驻地,,,,20000000,2015
山东勤业化工有限公司,,济宁市兖州区大安镇青钢焦化厂对过,,,,3000000,2010
济宁中再生华惠医药科技有限公司,,山东省济宁市邹城市太平镇政府办公楼内,,,,40000000,2015
山东丰泰化工科技有限公司,,济宁市金宇路47号汇景国际城A座2624号房,,,,5000000,2015
济宁科新化工新材料科技园运营管理服务有限公司,,邹城工业园区,,,,10000000,2014
济宁三阳石油化工有限公司,,山东省济宁市任城区阜桥辖区桂圆片区商业街综合楼317室,,,,20000000,2006
微山县天翔化工有限公司,,微山县付村镇三河口煤矿东,,,,5000000,1998
济宁市圣聚化工有限公司,,济宁经济开发区,,,,10000000,2003
山东金山化工有限公司,,济宁市化学工业经济技术开发区管委会二楼,,,,20000000,2010
济宁京洲化工科技有限公司,,邹城市看庄镇小微企业园京洲路006号,,,,5100000,2014
济宁福利达精细化工有限公司,,济宁市鱼台县张黄镇工业园,,,,20250000,2007
济宁瑞祥化工有限公司,,济宁市中区南苑镇韩西村,,,,1000000,2007
济宁三利石油化工有限公司,,济宁市任城区唐口镇,,,,6000000,1999
山东竑源化工有限公司,,山东省济宁市任城区红星西路33号,,,,5000000,2013
山东银光前锋化工有限公司,,曲阜市防山乡,,,,5266000,1998
山东道尔顿化工有限公司,,济宁市任城区南张街道办事处仙庄村,,,,3200000,2014
山东裕园化工有限公司,,济宁市任城区李营街道办事处新村原砖厂院内,,,,3000000,2002
鱼台县佳诚化工有限公司,,鱼台县南环路西首西支河东*。,,,,5000000,2011
山东京开化工有限公司,,山东省济宁市任城区太白路万达广场15号楼二十二层2214号,,,,20000000,2018
济宁天盛化工有限公司,,济宁市金宇路47号汇景国际中心C座703号,,,,10000000,2008
曲阜肥茂化工有限公司,,曲阜市城隍庙街37号,,,,3000000,2016
济宁利天化工科技有限公司,,邹城市太平镇工业园区,,,,1000000,2011
济宁星驰化工有限公司,,济宁市济北高新技术产业园晨阳路东首路北,,,,20000000,2000
山东明瑞化工集团有限公司,,肥城市长山街066号,,,,150000000,2005
山东华阳迪尔化工股份有限公司,,宁阳县磁窑镇华阳化工园区,,,,86760000,2001
山东润银生物化工股份有限公司,,东平县彭集镇,,,,163200000,1993
山东华阳农药化工集团有限公司,,宁阳县磁窑镇,,,,201380000,1996
瑞星集团股份有限公司,,东平县彭集镇,,,,1382000000,2003
山东泰安施科化工股份有限公司,,山东省泰安市泰安万达广场7号楼15层1511、1512,,,,48000000,2013
山东瑞泰化工有限公司,,泰安市肥城汶阳镇,,,,50000000,2001
山东晋煤明升达化工有限公司,,宁阳县城七贤路2170号,,,,39360000,2009
大道化工有限公司,,山东省泰安市岱岳区夏张镇郭小庄村,,,,80000000,2006
山东巨神重型化工机械有限公司,,新泰市羊流工业园,,,,50000000,1996
泰安广大化工机械有限公司,,山口西村,,,,50000000,2004
山东华鸿化工有限公司,,宁阳县磁窑经济技术开发区,,,,30000000,2006
泰安海瑞斯化工有限公司,,泰安市长城路96号天龙国际大厦A座26楼,,,,100000000,2012
泰安远东化工科技有限公司,,泰安高新区海普嘉园,,,,56000000,2007
山东德普化工科技有限公司,,新泰市开发区光明路19号,,,,50000000,2007
山东新泰联合化工有限公司,,新泰市楼德镇,,,,100000000,2009
山东易天健化工有限公司,,山东省泰安市新泰市东都镇化工聚集区北区园区路路北,,,,60000000,2018
山东鲁岳化工有限公司,,肥城市安站镇,,,,100000000,2003
泰安宏孚化工有限公司,,山东省泰安市东平县经济开发区,,,,50000000,2012
山东阿斯德化工有限公司,,肥城市泰西大街121号,,,,50000000,1989
宁阳国泰化工有限公司,,山东省泰安市宁阳县磁窑镇宁阳经济开发区化工园财富化工以北国家庄以南,,,,90000000,2016
肥城港泰化工有限公司,,肥城市高新技术开发区,,,,,2005
东平百川化工有限公司,,山东省泰安市东平县彭集街道三义庄村105国道东侧,,,,56800000,2008
肥城阿斯德化工有限公司,,肥城市泰西大街121号,,,,67620000,1994
宁阳瑞博化工有限公司,,山东省泰安市宁阳县东疏镇西张庄村88号,,,,50000000,2016
泰安鑫岳化工有限公司,,肥城市石横镇驻地,,,,60000000,2011
肥城胜利化工有限公司,,肥城市边院镇,,,,80000000,2008
山东恒晖化工有限公司,,泰安市岱岳区道朗镇道朗村道朗一中对过,,,,15000000,2012
山东富一化工原料有限公司,,山东省泰安市东平县滨河新区财智大厦502室,,,,,2018
泰安速锐化工油脂有限公司,,山东省泰安市东平县斑鸠店镇解豆山村,,,,,2016
泰安圣奥化工有限公司,,宁阳县华丰镇驻地,,,,100000000,2006
泰安阳光天润化工工程有限公司,,肥城市高新技术开发区泰临路北,,,,56000000,2010
中创兴源化工科技有限公司,,泰安市天外村街3号71#楼,,,,60000000,2010
泰安海纳化工有限公司,,泰安市泰山区徐家楼民营工业园,,,,40000000,2005
山东阳光天润化工设备有限公司,,肥城市高新技术开发区,,,,20000000,2003
山东天炼石油化工有限公司,,山东省泰安市东平县沙河站镇工业园区,,,,50000000,2015
泰安金塔化工机械有限公司,,泰安市迎胜社区城中村改造B1B2号楼4-4层409户,,,,30000000,2000
新泰市兰得染料化工有限公司,,新泰市新安路1282号,,,,48600000,1998
新泰市日进化工科技有限公司,,新泰市楼德镇循环经济产业园,,,,5000000,2013
泰安市申联化工有限公司,,泰安市泰山区长城路46号城建大厦综合楼(国山中心A座)1905,,,,1000000,2008
宁阳金阳化工有限公司,,宁阳县城蒙馆路55号,,,,30000000,2004
宁阳国升化工有限公司,,山东省泰安市宁阳县罡城镇桥南村村东,,,,30000000,2014
山东垒峻化工科技有限公司,,山东省泰安市宁阳县堽城镇辛安店村南50米,,,,30000000,2018
新泰市明瑞化工有限公司,,新泰市翟镇工业园区,,,,30000000,2001
山东飞扬化工有限公司,,新泰市高新技术开发区横山路西首,,,,10000000,2007
泰安苏鲁化工科技有限公司,,山东省泰安市肥城市石横镇左丘明路16号,,,,10000000,2017
山东九鑫日用化工有限公司,,东平县民营工业园区,,,,5000000,2002
山东中运石油化工有限公司,,泰安市灵山大街九州机电市场9#楼604,,,,20000000,2003
泰安恒通化工产品进出口有限公司,,泰安市青年路28号银泰中心8065户,,,,1000000,2012
山东众成化工有限公司,,"泰安市财源大街中段路南,青年路以西财源商务大厦907室",,,,18000000,2016
东平永鑫化工有限公司,,山东省泰安市东平县梯门镇金山口村,,,,2650000,2003
山东晟泰化工设备有限公司,,山东省泰安市肥城市高新技术产业开发区工业三路中段研发产业园501室,,,,10000000,2016
山东晟泽化工有限公司,,山东省泰安市肥城市老城街道办事处工业开发区063号,,,,20000000,2018
泰安市奇能化工科技有限公司,,山东省泰安市高新区北集坡办事处赵庄村西,,,,500000,2003
山东和瑞化工科技有限公司,,山东省泰安市肥城市桃花园小区24幢3层西户,,,,3000000,2016
山东东原精细化工有限公司,,山东省泰安市东平县经济开发区化工园区民华路9号,,,,20000000,2013
山东一滕化工有限公司,,肥城市工业二路西首,,,,37500000,2004
泰安鲁岳盛通化工设备有限公司,,山东省泰安市岱岳区粥店办事处石蜡村,,,,10000000,2014
泰安鑫鑫化工有限公司,,泰安市满庄镇曹家寨村,,,,20000000,2005
新泰爱得化工建材设备有限公司,,山东省泰安市新泰市城南马庄,,,,5000000,1993
山东兴政化工有限公司,,山东省泰安市肥城市石横镇石横三村4幢号,,,,20000000,2017
泰安市利丰化工设备有限公司,,泰安市泰山区邱家店镇项目区,,,,10000000,2009
泰安燕山石油化工有限公司,,山东省泰安市东平县经济开发区,,,,10000000,2016
山东财富化工有限公司,,宁阳县磁窑经济技术开发区,,,,20000000,2006
新泰市佑德生物化工研究院有限公司,,山东省泰安市新泰市经济开发区发展大道396号,,,,5000000,2014
泰安市泰德化工有限公司,,新泰市禹村镇朱家庄,,,,16000000,2012
泰安信源塑料化工有限公司,,泰安市高新技术开发区桑家疃村东,,,,10000000,2005
山东华鑫能源化工有限公司,,山东省泰安市泰山区东岳大街100号奥来新天第沿街商务楼A单元309户,,,,18000000,2009
山东经典化工股份有限公司,,泰安大汶口石膏工业园,,,,10000000,2008
山东迈森化工助剂有限公司,,山东省泰安市肥城市王瓜店街道办事处蒋庄村富源街09号,,,,6000000,2017
泰安市集英化工有限公司,,山东省泰安市岱岳区范镇工业园,,,,500000,2013
山东尚德化工有限公司,,山东省泰安市泰山区泰山大街326号金华商贸城,,,,5000000,2014
新泰市顺鑫化工有限公司,,新泰市楼德镇,,,,500000,2001
肥城岳海化工有限公司,,肥城市石横镇民营工业园,,,,15000000,2003
泰安市福润江山化工有限公司,,泰安市灵山大街129号,,,,500000,1998
泰安宝利来化工机械有限公司,,泰安高新技术产业开发区天烛峰路366号1号楼3层1129室、1132室,,,,6000000,2012
新泰市富强化工有限公司,,新泰市小协镇小协村,,,,100000,2008
泰安康大化工机械有限公司,,泰安市泰山青春创业开发区,,,,5000000,2006
泰安华天化工有限公司,,宁阳县磁窑镇驻地,,,,5000000,2004
泰安市中亿化工有限公司,,山东省泰安市肥城市丰园小区8幢2单元3层西户,,,,6000000,2015
泰安晶环化工有限公司,,山东省泰安市宁阳县宁阳经济开发区东村华阳热电厂对面,,,,10000000,2017
泰安市成龙化工研制有限公司,,上高办事处小井村,,,,500000,2005
肥城雨田化工有限公司,,肥城市龙山路西首,,,,5100000,2007
山东祥隆化工有限公司,,宁阳县东疏镇刘茂村,,,,11047000,2000
新泰利原化工有限公司,,新泰市东都镇,,,,10000000,2009
山东润泽酒业有限公司,,山东省泰安市东平县东平街道工业园区,,,,5000000,2005
泰安亚伯兰化工有限公司,,山东省泰安市肥城市鲁西建材批发城沿街楼肥城跨境电子商务产业园三楼306室,,,,2000000,2017
威海化工机械有限公司,,山东省威海市环翠区张村镇东鑫路9号,,,,100000000,1998
威海兴邦化工集团有限公司,,威海市环翠区温泉镇柳林村,,,,9000000,1999
威海金合思化工有限公司,,山东省威海临港经济技术开发区草庙子镇草庙子369-13号,,,,,2007
威海新元化工机械有限公司,,威海市环翠区羊亭工业新区凤凰山路985号,,,,50000000,2004
荣成市隆泰化工有限公司,,荣成市河阳东路108号,,,,50000000,1999
威海真都化工有限公司,,山东省威海市文登区大水泊镇山花路3号,,,,,2007
威海恒邦化工有限公司,,山东省威海市乳山市下初镇驻地,,,,90000000,2005
威海新元化工有限公司,,威海市环翠区羊亭镇工业新区凤凰山路985号,,,,150000000,2001
威海市友和化工新材料有限公司,,威海市环翠区羊亭镇项目二区东升路18-4号,,,,5000000,2011
威海富海华液体化工有限公司,,威海市海埠路-288-4号,,,,62000000,2005
威海中韩化工品市场管理有限公司,,荣成市成山镇成大路1016号,,,,100000000,2016
山东国能生物化工股份有限公司,,山东省威海市文登区天福办事处通河路2号卫生大厦1308室,,,,260000000,2010
威海金泓集团有限公司,,威海临港经济技术开发区草庙子镇驻地,,,,12690000,1997
威海鑫泰化工机械有限公司,,威海市羊亭镇,,,,25000000,2008
威海行雨化工机械有限公司,,威海市环翠区羊亭镇曲和路17号,,,,10000000,2006
山东恒大化工(集团)有限公司,,荣成市南山中路118号,,,,30650000,1998
威海市良建化工有限公司,,威海青岛中路88号南西500米,,,,500000,1998
威海经济技术开发区天成化工有限公司,,威海经济技术开发区蒿泊村,,,,5000000,1993
威海森威化工有限公司,,山东省威海市文登区米山镇东铺头村,,,,1000000,2011
威海橡胶化工进出口有限公司,,威海市伴月山庄15号,,,,5200000,1992
威海市文登区慧隆化工有限公司,,山东省威海市文登区环山路街道办事处西寨村东,,,,500000,2002
威海汇鑫化工机械有限公司,,威海市草庙子镇,,,,15000000,2005
山东中北化工有限公司,,山东省威海临港经济技术开发区苘山镇万泉花园-4号-1,,,,20000000,2016
威海博锐化工机械有限公司,,山东省威海市环翠区羊亭镇项目二区北观村西北,,,,10000000,2014
威海迈通化工科技有限公司,,山东省威海临港经济技术开发区周宁路-1-18号101室,,,,20000000,2017
威海朝阳化工机械有限公司,,山东省威海市环翠区张村镇西郊热电厂南珠江街云科孵化园1-2号厂房,,,,10000000,2011
威海环宇化工机械有限公司,,威海市环翠区羊亭镇羊亭村南一街2号,,,,10000000,2010
威海煌恺化工机械有限公司,,山东省威海市环翠区羊亭镇大西庄-528-4号,,,,10000000,2015
威海和利源化工有限公司,,山东省威海市经济技术开发区崮山镇工业园,,,,10190000,1995
威海润东化工科技有限公司,,威海市环翠区里口山路-69-2号,,,,10000000,2012
山东海嵛川化工有限公司,,山东省威海市乳山市城区营口路58-4号,,,,20000000,2017
威海振宇化工有限公司,,山东省威海市文登区泽头镇北庄村西,,,,580000,2001
山东朗博化工科技有限公司,,山东省威海市经区香港路67号-703-2,,,,3000000,2014
乳山市清之源化工有限公司,,山东省威海市乳山市城区深圳路108-6-1031号,,,,18000000,2016
威海润圣化工机械有限公司,,山东省威海市经济技术开发区海滨南路-28号-403、423、424,,,,10000000,2016
威海佳美化工有限公司,,威海经技区泊于镇鲍家村西 成大路北,,,,5000000,2002
威海市国洋化工有限公司,,山东省威海市乳山市胜利街西首,,,,520000,1999
威海开华石油化工经销有限公司,,威海市环翠区羊亭镇成大路南北江疃村北2号,,,,2000000,1994
威海佳星化工技术有限公司,,文登市大水泊镇,,,,1000000,2002
荣成市泓远化工有限公司,,荣成市悦湖路139号,,,,11000000,2006
威海圣凯化工科技有限公司,,山东省威海市文登区米山镇振兴路12号,,,,500000,2010
威海市文登区和谐石油化工有限公司,,山东省威海市文登区米山东路,,,,2000000,2007
威海市新兴化工科技有限公司,,山东省威海市文登区泽头镇岛集村397号,,,,300000,2011
荣成市富琪化工机械有限公司,,荣成市龙河路,,,,700000,2000
荣成市科盛化工有限公司,,荣成市东山南路255号,,,,3200000,2001
威海嘉毅化工机械有限公司,,威海市张村镇和徐疃工业园,,,,2000000,2011
威海市万通化工有限公司,,山东省威海临港经济技术开发区草庙子镇威泉路-60-4号,,,,718000,2000
威海众达化工机械有限公司,,山东省威海市环翠区羊亭镇黄埠屯村西北,,,,3000000,2016
威海宏协化工机械有限公司,,威海市羊亭镇北小城村,,,,500000,2005
威海永欣化工机械有限公司,,威海市环翠区张村镇姜家疃村,,,,500000,2013
威海爱鑫精细化工有限公司,,威海火炬高技术产业开发区大连路71号,,,,3000000,2011
荣成市日跃化工有限公司,,荣成市夏庄镇香山街35号,,,,500000,2007
文登市华海化工有限公司,,文登市文登营工业园,,,,4680000,2002
威海亿鑫化工机械有限公司,,威海威大街46号,,,,300000,2009
威海聚美德化工科技有限公司,,山东省威海市南海新区滨海路北、龙海路东,,,,10000000,2017
威海市华旺锦纶化工有限公司,,威海市羊亭镇个体私营经济工业园,,,,15000000,2004
威海兴盛化工机械有限公司,,威海临港经济技术开发区温州路西侧,,,,2150000,2008
威海庆丰化工机械科技有限公司,,威海市环翠区羊亭镇羊亭村东,,,,2000000,2014
威海凯悦化工科技有限公司,,威海市崮山镇皂埠村工业园39号B座201,,,,10000000,2010
荣成市越仙化工有限公司,,荣成市寻山街道办事处青安屯村,,,,500000,2004
威海慧旋磁传动化工机械有限公司,,威海市环翠区张村镇桃园工业园内,,,,2000000,2012
威海坤昌化工机械有限公司,,威海市张村镇刘家疃村,,,,500000,2001
威海全汇化工有限公司,,山东省威海市乳山市西外环路海峰街西首,,,,10000000,2015
威海威能化工有限公司,,威海市环翠区羊亭镇北江疃村村西,,,,1000000,2014
威海海悦化工科技有限公司,,山东省威海市文登区龙山办文山路85-3号,,,,10000000,2013
威海金昶化工机械有限公司,,威海市环翠区张村镇王家疃村,,,,1000000,2013
荣成市鑫泰格化工有限公司,,山东省威海市荣成市城西街道办事处福禄山村,,,,2000000,2006
威海市振泓化工机械有限公司,,威海市张村镇福德庄村东,,,,300000,2012
威海江源精细化工有限公司,,山东省威海市青岛中路莱西路望岛,,,,2610000,1994
威海共达塑胶化工制品有限公司,,威海市环翠区张村镇火炬南路-328-3号,,,,1600000,1999
威海天创精细化工有限公司,,威海市张村镇姜南庄村,,,,300000,2009
威海金川化工有限公司,,威海经技区长峰、北山村交界(威海市油漆厂院内),,,,500000,2005
威海景达化工机械有限公司,,威海经技区海滨南路-55号,,,,500000,2008
威海鼎达化工机械有限公司,,威海市青岛南路219号,,,,1000000,2013
山东宝时精细化工有限公司,,山东省威海市乳山市染纺工业园,,,,,2005
威海怀博化工有限公司,,威海经技区海源丽都-3号1楼,,,,580000,2011
威海磁力化工机械有限公司,,威海市羊亭镇上炉村村南,,,,6000000,2011
荣成市化工总厂有限公司,,荣成市荣盛路288号,,,,4280000,2002
威海市东明石油化工有限公司,,山东省威海市环翠区张村镇沈阳路西、珠江街北,,,,10000000,2013
威海亿铭达化工有限公司,,威海市海滨北路111号(名座1103室),,,,3000000,2009
威海市赛菲德塑料化工有限公司,,威海市环翠区桥头镇裕桥路3号,,,,800000,2003
威海大化化工有限公司,,山东省威海市文登区文登营工业园天润路3号,,,,5000000,1998
威海中南化工有限公司,,威经技区海埠村东,,,,5000000,2001
威海安和化工有限公司,,山东省威海临港经济技术开发区草庙子镇红绿灯南200米,,,,5000000,2016
威海凯虹精密化工有限公司,,山东省威海市乳山市下初镇驻地,,,,500000,2012
威海金蚂蚁化工有限公司,,威海市环翠区珠海路1331-1号,,,,1820000,2014
威海辉茂化工有限公司,,山东省威海市经济技术开发区深圳路-1-6号703-1,,,,3000000,2017
威海胶东化工轻工有限公司,,山东省威海市文登经济开发区保利路9号,,,,5000000,2002
文登皇利压铸化工材料有限公司,,山东省威海市文登区文登营镇机场路3-1号,,,,5000000,2011
荣成格尔化工有限公司,,荣成市楚祥南街96号门市6号,,,,1000000,2017
山东海右石化集团有限公司,,山东省日照市莒县夏庄镇工业园,,,,500000000,2006
华东蓝海石油化工集团有限公司,,日照市迎宾路149号,,,,60000000,2004
日照滨海石油化工有限公司,,山东省日照市岚山区佛手湾,,,,93150000,1997
山东铭港化工有限公司,,山东省日照市岚山区岚山化学工业区,,,,500000000,2017
山东圣运化工有限公司,,日照市莒县阎庄镇小河村,,,,160000000,2010
日照广信化工科技有限公司,,日照市岚山区化工园区大道3号,,,,128880000,2009
日照新三明化工有限公司,,日照市岚山区虎山镇化工园区珠海路6号,,,,150000000,2012
山东浮来春生物化工有限公司,,山东省日照市莒县县城北工业园,,,,140880000,2005
山东哈兴石油化工有限公司,,山东省日照市岚山区安东卫街道林业站,,,,100000000,2016
日照富民化工有限公司,,日照市海曲西路西大古城,,,,38800000,2001
山东富恩生物化工有限公司,,山东省日照市莒县县城北工业园,,,,50000000,2013
山东省岚桥石化有限公司,,山东省日照市岚山区虎山镇潘家村西首,,,,685000000,2005
山东科力达石油化工科技有限公司,,日照市岚山区巨峰镇金茗路,,,,150000000,2006
日照中博化工有限公司,,日照市岚山区化工园区大道3号,,,,205000000,2012
日照金禾生化集团股份有限公司,,山东省日照市东港区绿舟南路66号A座21层,,,,56400000,2004
日照兴华石油化工有限公司,,山东省日照市岚山区新天地阿掖山大厦1207-3室,,,,,2015
山东浦盛石油化工有限公司,,日照市岚山区碑廓镇大湖村,,,,120000000,2012
海润化工有限公司,,山东省日照市莒县经济开发区锦程嘉苑社区山东路与岳石路交汇处创业大学沿街楼,,,,80000000,2017
鲁西南化工产品交易中心有限公司,,山东省日照市东港区烟台路西侧(行政服务大楼)001幢0单元617号,,,,50000000,2017
国美化工有限公司,,山东省日照市岚山区化学工业区,,,,1200000000,2017
日照市日晋化工有限公司,,山东省日照市国际大厦001号楼04单元2002号,,,,50000000,2001
山东荣德石油化工有限公司,,山东省日照市东港区黄海一路南北京路东252号蓝天世贸大厦23层,,,,100000000,2016
日照桓瑞化工有限公司,,山东省日照市岚山区岚山西路598号,,,,50000000,2016
山东沃德化工有限公司,,山东省日照市莒县海右经济开发区二号路以西、五号路以北,,,,60000000,2011
日照岚明化工有限公司,,日照市岚山区童海路北首,,,,50000000,2013
山东海越化工有限公司,,山东省日照市莒县青年北路99号,,,,106000000,2012
山东元日化工有限公司,,日照市绿洲南路世帆赛基地,,,,50000000,2007
日照纳金化工有限公司,,日照市北京路南段377号临港工业大厦12层35号,,,,5000000,2013
山东凯翔生物科技股份有限公司,,山东省日照市五莲县城沿河路52号,,,,28600000,2005
山东岚化化工有限公司,,山东省日照市岚山区虎山镇珠海路7号,,,,50000000,2014
日照银箭生物化工有限公司,,日照市岚山区虎山镇桥南头村,,,,,2011
日照骏达石油化工有限公司,,山东省日照市东港区石臼街道北京路东蓝天世贸大厦1802室,,,,80000000,2017
山东资润化工有限公司,,山东省日照市经济开发区秦皇岛路中段56号,,,,50000000,2007
山东昊源石油化工有限公司,,山东省日照市北经济开发区创新创业中心三楼315号,,,,50000000,2017
日照瀚泽化工有限公司,,山东省日照市东港区金海路南、兖州路西安泰水晶城10号楼1单元2401室,,,,2000000,2015
山东龙锦石油化工有限公司,,山东省日照市东港区秦楼街道烟台路西侧(行政服务大楼)001幢0单元617号,,,,60000000,2018
山东中岚石油化工有限公司,,山东省日照市经济开发区临沂路399,,,,100000000,2013
山东高渐化工有限公司,,山东省日照市东港区石臼街道滨海四路南首东侧弘华物流园院内二楼,,,,50000000,2018
山东创莱石油化工有限公司,,山东省日照市东港区海曲路安泰水晶城D座大厦818室,,,,80000000,2017
山东成海石油化工有限公司,,山东省日照市东港区海滨五路东侧裕升置业办公楼,,,,50000000,2017
日照信儒化工有限公司,,日照市岚山区虎山镇桥南头村388号,,,,60000000,2010
山东中朗石油化工有限公司,,山东省日照市东港区北京路东蓝天世贸大厦1802室,,,,80000000,2017
日照正源化工机械制造有限公司,,山东省日照市经济技术开发区上海路与兰州路交汇处西800米路北,,,,50000000,2017
山东迪孚石油化工有限公司,,山东省日照市东港区海曲东路与绿舟路交汇处日照国际财富中心36层,,,,770000000,2016
日照市博景石油化工有限公司,,山东省日照市东港区石臼街道北京路266号,,,,50000000,2018
山东腾邦石油化工有限公司,,山东省日照市经济开发区秦皇岛路18号地质科技大厦1105室,,,,50000000,2017
山东楚恒石油化工有限公司,,山东省日照市东港区北京路东蓝天世贸大厦1802室,,,,50000000,2017
山东东隆石油化工有限公司,,山东省日照市东港区海曲东路与绿舟路交汇处国际财富中心36层,,,,60000000,2017
山东桂达石油化工有限公司,,山东省日照市东港区海曲东路与绿舟路交汇处国际财富中心36层,,,,50000000,2017
日照中科晓源化工有限公司,,山东省日照市东港区海滨五路东、黄海二路北海洋国际2006室,,,,50000000,2016
山东罗瑞石油化工有限公司,,山东省日照市东港区北京南路252号蓝天国贸大厦10层1002室,,,,50000000,2017
山东卓昊石油化工有限公司,,山东省日照市东港区山海路388号清大华创科技大厦三楼,,,,90000000,2017
日照博亚石油化工有限公司,,山东省日照市东港区黄海一路南北京路东252号蓝天世贸大厦23层,,,,100000000,2016
山东鲁齐石油化工运销有限公司,,山东省日照市日照港,,,,53000000,1997
日照乐晖石油化工有限公司,,山东省日照市东港区香河街道高新六路创业中心1号楼,,,,50000000,2016
日照昊晟石油化工有限公司,,山东省日照市东港区海曲东路396号日照国际财富中心,,,,200000000,2017
山东丰旺石油化工有限公司,,山东省日照市东港区山海路388号清大华创科技大厦3楼,,,,120000000,2017
山东国韵石油化工有限公司,,山东省日照市东港区海曲东路与绿舟路交汇处日照国际财富中心36层,,,,120000000,2017
日照禹龙石油化工有限公司,,日照市岚山港区内东侧,,,,50000000,2008
山东清雅石油化工有限公司,,山东省日照市东港区烟台路西侧(行政服务大楼)001幢0单元617号,,,,100800000,2017
日照浦荣石油化工有限公司,,山东省日照市东港区天津路祥博社区沿街,,,,,2015
山东荣年石油化工有限公司,,山东省日照市东港区烟台路丽城花园西沿街北首,,,,100000000,2018
山东天智石油化工有限公司,,山东省日照市东港区海曲东路与绿舟路交汇处日照国际财富中心36层,,,,100000000,2018
山东鲁耀石油化工有限公司,,山东省日照市东港区黄海一路南北京路东252号蓝天世贸大厦23层,,,,80000000,2016
山东鑫汇石油化工有限公司,,山东省日照市东港区海曲东路与绿舟路交汇处国际财富中心36层,,,,50000000,2017
山东大丰利化工有限公司,,山东省日照市东港区北京路东蓝天世贸大厦1802室,,,,70000000,2017
山东坤储石油化工有限公司,,山东省日照市经济开发区秦皇岛路18号地质科技大厦1105室,,,,50000000,2017
山东陆合石油化工有限公司,,山东省日照市经济开发区秦皇岛路18号地质科技大厦1105室,,,,50000000,2017
山东中雄石油化工有限公司,,山东省日照市东港区北京路东蓝天世贸大厦1802室,,,,80000000,2017
山东乾坤泰鑫石油化工有限公司,,山东省日照市东港区海曲东路与绿舟路交汇处日照国际财富中心36层,,,,100000000,2017
日照皓顺石油化工有限公司,,山东省日照市东港区涛雒镇钢铁配套产业园北片区中盛工业园,,,,60000000,2018
山东栋青石油化工有限公司,,山东省日照市东港区北京路东蓝天世贸大厦1802室,,,,100000000,2017
日照薇澄石油化工有限公司,,山东省日照山海天旅游度假区太公岛一路北董家滩社区商业沿街3号楼601室,,,,50000000,2017
日照市博聚德成化工有限公司,,山东省日照市东港区海曲东路与绿舟路交汇处日照国际财富中心36层,,,,50000000,2018
山东泽臻石油化工有限公司,,山东省日照市东港区北京路东蓝天世贸大厦1802室,,,,50000000,2017
山东治能石油化工有限公司,,山东省日照市东港区海曲东路与绿舟路交汇处国际财富中心36层,,,,100000000,2017
山东政增石油化工有限公司,,山东省日照市东港区北京南路252号蓝天国贸大厦10层1002室,,,,100000000,2017
山东国隆泰石油化工有限公司,,山东省日照市东港区山海路388号清大华创科技大厦三楼,,,,60000000,2017
山东嘉虎石油化工有限公司,,山东省日照市东港区北京南路252号蓝天国贸大厦10层1002室,,,,83000000,2017
山东汇亮石油化工有限公司,,山东省日照市东港区海曲东路与绿舟路交汇处日照国际财富中心36层,,,,50000000,2017
山东坤少石油化工有限公司,,山东省日照市东港区海曲东路与绿洲路交汇处国际财富中心36层,,,,100000000,2017
山东腾胜精细化工有限公司,,山东省日照市莒县经济开发区莒安路以东,,,,126000000,2012
山东中昌锦石油化工有限公司,,山东省日照市东港区海曲东路与绿舟路交汇处日照国际财富中心36层,,,,50000000,2018
日照恒泰达石油化工有限公司,,山东省日照市东港区海曲东路与绿舟路交汇处日照国际财富中心36层,,,,50000000,2017
山东中笑石油化工有限公司,,山东省日照市东港区海曲东路与绿舟路交汇处日照国际财富中心36层,,,,120000000,2017
山东中油能源石油化工有限公司,,山东省日照市岚山区玉泉二路99号,,,,50000000,2017
日照万斛石油化工有限公司,,山东省日照市东港区山东路1000号3507室,,,,100000000,2016
山东圣翔腾石油化工有限公司,,山东省日照市东港区北京路东252号蓝天世贸大厦23层,,,,60000000,2016
山东庆河利石油化工有限公司,,山东省日照市东港区海曲东路与绿舟路交汇处日照国际财富中心36层,,,,100000000,2018
中聚化工产品交易中心有限公司,,山东省日照市东港区烟台路西侧(行政服务大楼)001幢0单元617号,,,,50000000,2017
山东素米石油化工有限公司,,山东省日照市东港区潍坊路126号富阳小区沿街D段,,,,180000000,2017
山东北纳石油化工有限公司,,山东省日照市东港区北京路东蓝天世贸大厦1802室,,,,80000000,2017
山东峥篆石油化工有限公司,,山东省日照市东港区北京路东蓝天世贸大厦1802室,,,,70000000,2017
山东云锦石油化工有限公司,,山东省日照市岚山区玉泉二路99号,,,,80000000,2017
山东泰齐石油化工有限公司,,山东省日照市东港区海曲东路与绿舟路交汇处日照国际财富中心36层,,,,178900000,2017
山东星实凯润石油化工有限公司,,山东省日照市东港区海曲东路与绿舟路交汇处,,,,100000000,2017
山东易客益石油化工有限公司,,山东省日照市经济开发区秦皇岛路18号地质科技大厦1105室,,,,50000000,2017
山东同周三成石油化工有限公司,,山东省日照市东港区北京路东蓝天世贸大厦1802室,,,,150000000,2017
山东融嘉石油化工有限公司,,山东省日照市东港区山海路388号清大华创科技大厦六楼,,,,50000000,2017
莱芜市欣达化工有限公司,,莱芜市莱城工业区汇金路东首,,,,12000000,2007
山东省莱芜市汶河化工有限公司,,莱芜市莱城工业区,,,,80000000,1999
山东固德化工有限公司,,莱城区北部工业园,,,,70000000,2004
山东莱钢环友化工能源有限公司,,莱芜市钢城区艾山办事处周家坡,,,,300000000,2006
山东鲁中化工有限公司,,莱城区凤城街道办北十里铺村,,,,15000000,2005
山东中良石油化工有限公司,,山东省莱芜市雪野旅游区雪野镇娘娘庙村,,,,20000000,2016
山东泰一化工有限公司,,莱芜市钢城区艾山办事处陶家岭工业园,,,,10000000,2007
莱芜众润石油化工有限公司,,"山东省莱芜市雪野旅游区大王庄镇孤山村村西,王槐路以北",,,,28600000,2014
莱芜市涌金化工有限公司,,莱芜市龙潭西大街168号,,,,10000000,2003
莱芜佳润化工有限公司,,莱城区凤城街道办事处董花园华安街20号,,,,5000000,2012
莱芜市金信化工有限公司,,莱城区高庄办事处大北冶村,,,,20000000,2008
莱芜市百盛化工有限公司,,莱芜市钢城区颜庄镇郭家台村,,,,20000000,2007
莱芜市恒利化工有限公司,,莱城区凤城西大街286号,,,,5000000,2000
莱芜市永恒化工有限公司,,莱城区高庄办事处关帝庙村,,,,10000000,2004
莱芜润圆石油化工有限公司,,山东省莱芜市莱城区大王庄镇顺天街村,,,,20000000,2014
莱芜圆泰石油化工有限公司,,山东省莱芜市雪野旅游区大王庄镇顺天街村西,,,,20500000,2016
莱芜诺亚化工有限公司,,山东省莱芜市莱城区凤城街道办事处姚家岭社区西端,,,,500000,2014
莱芜市新润滤材化工有限公司,,山东省莱芜高新区珠江大街11号4幢,,,,11000000,2001
莱芜市天宏化工有限公司,,山东省莱芜市高新区汶河大道南方商城A435,,,,11800000,2015
莱芜汇通化工有限公司,,山东省莱芜市莱城区汶源东大街金帝凯旋城B座611号,,,,12000000,2015
山东良田化工有限公司,,莱芜市莱城区汶阳东大街(孟花园沿街楼),,,,10000000,2017
莱芜市达安化工有限公司,,山东省莱芜市高新区鹏泉街道办事处汶阳村,,,,11000000,2016
山东莱芜美星化工有限公司,,山东莱芜市莱城区凤城街道办事处姚家岭村北,,,,3300000,2002
山东煜汇化工有限公司,,莱芜市莱城区口镇枣园村西,,,,3000000,2008
莱芜市恒正化工有限公司,,莱城区高庄街道办事处站里村,,,,10000000,2008
莱芜市恒通化工有限公司,,山东省莱芜市莱城区凤城街道办事处戴花园沿街楼,,,,500000,2007
莱芜市合兴化工有限公司,,山东省莱芜市莱城区长勺南路东关东大街4号,,,,10000000,2017
山东沃普森化工科技有限公司,,莱芜高新技术产业开发区长江大街以北96号,,,,10000000,2013
莱芜市万华化工有限公司,,莱芜高新区龙潭东大街125号,,,,500000,2011
莱芜信和化工有限公司,,山东省莱芜市莱城区加州步行街2044号,,,,9000000,2016
莱芜晖腾化工有限公司,,山东省莱芜高新区原山路15号,,,,5000000,2015
莱芜市阿尔法化工有限公司,,山东省莱芜市钢城区友谊大街78号,,,,7800000,2011
莱芜市环宇化工有限公司,,莱芜市莱城区高庄街道办事处对仙门村北,,,,5000000,2013
山东永盛化工有限公司,,山东省莱芜市莱城区北坦南路39号,,,,3000000,2018
莱芜市金岭化工有限公司,,钢城区颜庄镇颜庄村,,,,5000000,2007
莱芜市润中精细化工有限公司,,莱芜高新区凤凰路009号,,,,500000,2003
莱芜市凯托科技化工有限公司,,钢城区颜庄镇郭家台村,,,,5000000,2003
山东新起点化工有限公司,,莱芜经济开发区张家洼街道办事处沈家庄村教职工宿舍楼2号楼西三单元东户,,,,3000000,2018
莱芜赛福化工有限公司,,山东省莱芜农高区方下镇工业园,,,,2000000,2006
莱芜市明卓化工有限公司,,山东省莱芜高新区程故事社区18号,,,,3000000,2016
山东小动脉化工有限公司,,山东省莱芜市莱城区口镇王家楼村563号,,,,3000000,2018
山东宇奇化工有限公司,,莱芜经济开发区张家洼街道办事处银龙工业园,,,,5000000,2017
山东万盛化工有限公司,,莱城区花园北路6号,,,,3000000,2007
山东海鲎化工有限公司,,莱芜经济开发区张家洼街道办事处张家洼村村北,,,,4000000,2018
山东宏达化工有限公司,,山东省莱芜市钢城区汶水路行政服务大厅斜对面,,,,3000000,2018
山东莱芜恩达化工有限公司,,莱芜经济开发区张家洼街道办事处张家洼村鲁矿大道,,,,3000000,2017
莱芜汇吉化工有限公司,,山东省莱芜市钢城区艾山街道办事处逯家庄社区,,,,3000000,2017
莱芜海沛化工科技有限公司,,山东省莱芜高新区凤凰路009号,,,,1000000,2018
莱芜盛泽化工有限公司,,山东省莱芜市钢城区里辛街道办事处西田庄村,,,,1060000,2014
莱芜市鼎盛化工有限公司,,山东省莱芜市钢城区汶源街道黄庄三村,,,,5000000,2016
莱芜市苹果化工进出口有限公司,,莱芜市莱城区汶河大道西首舜和旺园沿街楼,,,,2000000,2018
莱芜市帝诺化工有限公司,,莱芜市莱城区高庄街道办事处安仙村,,,,2000000,2007
莱芜鲁昊化工有限公司,,莱芜市莱城区羊里镇贾家洼村村南,,,,500000,2013
莱芜天承化工有限公司,,莱芜市莱城区凤城街道办事处东方红社区康乐街北首,,,,5000000,2013
山东莱芜新悦化工有限公司,,莱芜经济开发区张家洼街道办事处张家洼新村,,,,3000000,2016
莱芜东盛化工有限公司,,莱城区和庄镇和庄村,,,,500000,2012
莱芜市林荣化工产品有限公司,,山东省莱芜市钢城区辛庄镇大徐家庄村,,,,3000000,2014
莱芜市浩硕化工有限公司,,山东省莱芜市莱城区凤城工业园,,,,1000000,2016
山东久禄化工有限公司,,山东省莱芜市钢城区艾山街道逯家庄社区,,,,3500000,2016
山东百诚化工有限公司,,山东省莱芜市莱城区苗山镇干桥村北,,,,3000000,2017
莱芜鑫瑞化工科技有限公司,,山东省莱芜市钢城区里辛街道办事处西田庄村,,,,500000,2017
莱芜百润化工有限公司,,山东省莱芜市莱城区汶源东大街金缔凯旋城沿街楼,,,,2000000,2014
莱芜市宝泉化工有限公司,,钢城区艾山办事处陶家岭村,,,,600000,2006
莱芜聚百欧化工有限公司,,莱城区鹏泉西大街(友谊路14号),,,,100000,2013
莱芜汉德化工材料有限公司,,莱城区口镇下水河村,,,,500000,2011
莱芜市恒欣化工有限公司,,莱芜市钢城区艾山街道办事处清泥沟村,,,,1000000,2013
莱芜新港石油化工有限公司,,钢城区钢都大街269号(洪沟社区沿街楼),,,,1000000,2013
莱芜德丰化工有限公司,,山东省莱芜市钢城区汶水路南首沿街楼三楼,,,,2600000,2017
莱芜市丰润化工有限公司,,莱城区凤城西大街349号,,,,500000,2013
莱芜市恒鼎化工有限公司,,莱芜市莱城区花园北路,,,,1500000,2014
莱芜市颜博化工有限公司,,山东省莱芜市莱城区孟花园村,,,,3000000,2014
莱芜市金丰化工有限公司,,莱芜高新区程故事社区,,,,500000,1999
莱芜市华星化工有限公司,,莱城区口镇山口村东南500米处,,,,1000000,2001
莱芜亚诺化工有限公司,,莱城区高庄工业园(沙王庄村以南),,,,500000,2001
山东凌云化工有限公司,,山东省莱芜市钢城区炼铁厂东临,,,,3000000,2014
莱芜市玉龙泉化工有限公司,,莱城区长勺北路北埠民营经济试验区,,,,500000,2007
莱芜市港东化工有限公司,,山东省莱芜市莱城区凤城街道办事处吕花园沿街楼,,,,1000000,2015
莱芜市明岳化工有限公司,,莱城区高庄工业园任家洼村东,,,,500000,2010
莱芜市立刚化工有限公司,,钢城区艾山办事处陶家岭村,,,,3000000,2007
莱芜市赢华化工有限公司,,钢城区黄庄镇黄庄三村,,,,1000000,2009
莱芜市汇泉化工有限公司,,钢城区颜庄镇民营经济园(老韩莱路北、潘西煤矿东),,,,2000000,2007
莱芜市鲁翔化工有限公司,,莱芜市鼎力化工集团院内,,,,500000,2002
莱芜市鸿宝化工有限公司,,莱城区和庄镇普通村东600米,,,,2000000,2011
莱芜市海昌环保化工有限公司,,山东省莱芜市钢城区艾山街道办事处陈家庄社区北,,,,1000000,2007
莱芜市特康化工科技有限公司,,莱城区石花园凤城文化市场,,,,500000,2012
山东省优阿化工有限公司,,山东省莱芜市钢城区艾山街道陶家岭工业园,,,,3331258,2016
莱芜市旺洪化工原料有限公司,,山东省莱芜市钢城区御龙湾20号楼1004室,,,,1000000,2017
莱芜市盛元化工有限公司,,钢城区颜庄镇保善村南岭,,,,500000,2013
莱芜市重友化工有限公司,,山东省莱芜市经济开发区赢牟西大街26号(莱茵佳园),,,,3000000,2015
莱芜市贾合化工有限公司,,山东省莱芜市莱城区鲁中东大街8号,,,,500000,2016
莱芜市诚信化工有限公司,,山东省莱芜市钢城区辛庄工业园,,,,2000000,2003
莱芜汇河化工有限公司,,莱芜市莱城区高庄街道办事处站里村,,,,500000,2013
莱芜市东富翔化工有限公司,,莱芜经济开发区张家洼街道办事处东王善村南,,,,500000,2012
莱芜市顺达化工有限公司,,莱芜经济开发区泰钢工业园曹西村,,,,500000,2002
莱芜市通顺化工有限公司,,钢城区里辛镇里辛村,,,,1000000,2012
山东远东国际生物化工股份有限公司,,兰陵县尚岩镇,,,,161600000,2006
山东阳煤恒通化工股份有限公司,,郯城县人民路327号,,,,823447532,1993
临沂鲁光化工集团有限公司,,临沂经济技术开发区柳州路100号,,,,80102000,2006
山东广星化工集团有限公司,,山东省临沂市河东区九曲街道办事处王家于埠村,,,,50000000,2001
山东同创精细化工股份有限公司,,沂水经济开发区鲁洲南路以南,,,,20200000,2011
山东驰丰化工有限公司,,费县探沂镇驻地,,,,50000000,2003
沂水祥腾化工有限公司,,沂水县工业园(沂水县经济开发区湖埠西村西南),,,,12000000,2005
山东天宝化工股份有限公司,,平邑县城蒙阳南路西327国道北,,,,179329000,1997
山东恒昌聚材化工科技股份有限公司,,临沂市罗庄区褚墩镇,,,,76800000,2011
山东协发化工有限公司,,莒南县经济开发区淮海路西段,,,,120000000,2011
山东凯尔化工有限公司,,山东省临沂经济技术开发区芝麻墩办事处金科财税大厦6楼A680室,,,,20000000,2015
临沂盛泉油脂化工有限公司,,山东临沂市罗庄区沈泉庄工业园,,,,,2003
山东臻典化工科技有限公司,,山东省临沂市兰山区鼎成工业园A22号楼101,,,,20000000,2015
山东省临沂市三丰化工有限公司,,山东省临沂市河东区北京东路167号,,,,101200000,1997
山东铭浩化工股份有限公司,,沂水县经济开发区庐山工业园,,,,280000000,2012
金正大生态工程集团股份有限公司,,临沭县兴大西街19号,,,,3157838096,1998
山东鲁洲集团沂水化工有限公司,,沂水县许家湖镇庐山工业区,,,,50000000,2001
山东远东国际化工有限公司,,苍山县尚岩镇,,,,,2006
施可丰化工股份有限公司,,临沂经济开发区北京路南首,,,,123245400,2001
山东省保利来化工科技有限公司,,兰山区小山前工业园,,,,30000000,2012
临沭县华盛化工有限公司,,临沭县蛟龙镇驻地,,,,30000000,2005
临沂鸿泰化工有限公司,,莒南县城淮海路西段南侧,,,,100000000,2009
临沂市泰尔化工科技有限公司,,临沂市兰山区义堂镇大葛庄工业园,,,,50000000,2006
山东钾能化工有限公司,,山东省临沂市经济开发区金科财税大厦6楼B629室,,,,130000000,2015
临沂市德润化工股份有限公司,,山东省临沂市沂水县庐山工业园区光山路南、夏家楼东侧,,,,30000000,2014
莒南国泰化工有限公司,,莒南经济开发区淮海路西段南侧,,,,40000000,2010
山东日聚化工有限公司,,临沂经济技术开发区宏宸大厦,,,,50000000,2015
临沂市全新化工有限公司,,郯城县郯城街道西关二街,,,,40000000,2013
山东银光化工股份有限公司,,费县化工路1号,,,,40176300,1993
山东青上化工有限公司,,莒南县经济开发区淮海路西段,,,,,1993
山东银河机械化工有限公司,,山东省临沂市兰山区临沂工业园工业二路与大山路交汇处,,,,100000000,2004
山东亿泰化工科技有限公司,,沂水县庐山化工园区,,,,5000000,2013
山东华凯特化工技术装备有限公司,,山东省临沂市经济技术开发区联邦路与佛山路交汇处,,,,50000000,2014
山东福瑞达生物科技有限公司,,临沂市临沭县滨海西街789号,,,,77100000,2008
山东江华化工科技有限公司,,山东省临沂市郯城县郯城经济开发区开源路1号,,,,201700000,2017
山东正德化工有限公司,,沂水县城御龙湾小区6号楼5单元302室,,,,60000000,2012
临沂君联化工有限公司,,山东省临沂市兰山区义堂镇港上村,,,,50000000,2017
山东科特化工产品有限公司,,临沂临港经济开发区团林镇埃沟一村,,,,50000000,2011
郯城豫通化工科技有限公司,,山东省临沂市郯城县经济开发区工业园区,,,,151160000,2015
山东艾沃格林化工有限公司,,临沭县郑山办事处后东村,,,,18800000,2013
山东鑫万胜化工有限公司,,山东省临沂市临港经济开发区坪上镇坪上一村,,,,116000000,2017
兰陵汉鼎石油化工有限公司,,山东省临沂市兰陵县长城镇长屯村177号,,,,50000000,2016
临沂国力化工有限公司,,沂水经济开发区庐山项目区精细化工园区长山官庄村南,,,,40000000,2014
山东科洛夫化工股份有限公司,,山东省临沂市兰陵县兰陵经济开发区化工园区滨河路西侧中段,,,,60000000,2014
临沂兴蒙化工科技有限公司,,山东省临沂市蒙阴县孟良崮工业园,,,,50000000,2014
临沂恒安化工有限公司,,罗庄区付庄街道西南村,,,,30000000,2011
临沂鲁宇化工科技有限公司,,山东省临沂市经济开发区金科财税大厦6楼B692,,,,180000000,2016
山东海利莱化工科技有限公司,,铜井镇山旺庄村,,,,20000000,1998
临沂凯博石油化工有限公司,,临沂临港经济开发区壮岗镇大莲花汪村,,,,60000000,2013
临沂尚德精细化工有限公司,,山东省临沂市兰陵县经济开发区滨河路孤山湖桥西路北,,,,226000000,2015
临沂大洋石油化工有限公司,,山东省临沂市临沭县经济开发区225省道西侧,,,,30000000,1999
临沭县金浩化工用品有限公司,,临沭县城西开发区,,,,1100000,2010
临沂市佳莉精细化工有限公司,,山东省临沂市临港经济开发区坪上镇坪上一村,,,,60000000,2014
临沂市汇润化工有限公司,,山东省临沂市兰山区鲁南化工市场A区22号,,,,1000000,2015
临沂鲁明化工有限公司,,山东省临沂市罗庄区科技大道0005号1号楼2层,,,,38600000,2001
山东蓝海石油化工有限公司,,临沂临港经济开发区壮岗镇大莲花村,,,,62000000,2010
山东丰汇泽化工股份有限公司,,山东省临沂市沂水县院东头镇驻地,,,,30000000,2012
临沂福德化工股份有限公司,,沂水县经济开发区,,,,16110000,2009
临沂荣业鲁光化工有限公司,,罗庄区盛庄街道通达路257号,,,,20020000,2006
临沂长青化工有限公司,,临沂临港经济开发区团林镇黄海九路北坪南路西,,,,30500000,2013
山东银光化工集团有限公司,,费县费城镇化工路,,,,30380000,1997
山东贝迪化工有限公司,,山东省临沂市经济开发区沂河路6号1号楼101金科财税大厦6楼A603-7,,,,30180000,2018
山东阳煤恒通化工股份有限公司,,郯城县郯马公路北(甲醇厂区),,,,,2000
临沂郯子湖化工有限公司,,山东省临沂市郯城县经济开发区新源路18号,,,,30000000,2016
临沂恒昌聚人化工科技有限公司,,山东省临沂市罗庄区褚墩镇驻地,,,,30000000,2014
临沂金磺化工有限公司,,临沂市高新技术开发区罗西街道办事处满沟屯村,,,,6000000,1999
山东施丰化工有限公司,,费县费城镇建设路北侧,,,,10000000,2002
山东双麒化工有限公司,,兰山区义堂镇小葛庄村,,,,5000000,2004
山东科曼化工有限公司,,山东省临沂市经济开发区金科财税大厦6楼N606室,,,,10000000,2016
山东琪珊化工有限公司,,山东省临沂市经济开发区芝麻墩街道金科财税大厦6楼A672-3,,,,30000000,2017
山东天宝化工有限公司,,县城蒙阳路南,,,,20900000,1997
山东嘉盛能源化工股份有限公司,,临沂经济开发区沂河东路181号名都国际1号楼504室,,,,30000000,2012
临沂远博化工有限公司,,临沂经济开发区梅家埠街道办事处王家埠,,,,20000000,2006
山东冠锦化工有限公司,,山东省临沂市经济开发区芝麻墩街道金科财税大厦6楼A619-1,,,,10000000,2017
临沂市河东区民裕化工有限公司,,山东省临沂市经济开发区沂河路6号1号楼101金科财税大厦6楼A621室,,,,20000000,2012
临沂市绿森化工有限公司,,山东省临沂市兰山区临西十一路水田路交汇北300米路西,,,,1000000,2011
临沂市鑫轮化工有限公司,,沂水经济开发区(许家湖镇前岜山村),,,,20000000,2008
山东凯浩化工有限公司,,山东省临沂市经济开发区金科财税大厦6楼B632室,,,,20000000,2015
临沂市东聚化工有限公司,,山东省临沂市兰山区西城新贵1号楼721号,,,,10000000,2000
临沂格瑞化工科技有限公司,,山东沂水经济开发区庐山项目区庐山中路以西、振峰化工以南,,,,15000000,2014
临沂晟晏化工有限公司,,山东省临沂市经济开发区金科财税大厦6楼S633室,,,,10000000,2015
山东维嘉化工有限公司,,山东省临沂市经济开发区金科财税大厦6楼A607-9室,,,,20000000,2017
兰陵县东润化工建材有限公司,,山东省临沂市兰陵县矿坑镇娄山沟村西2000米处,,,,11000000,1998
山东天邦化工有限公司,,罗庄区西高都镇驻地,,,,5000000,2001
临沂市兰山区约瀚化工有限公司,,临沂市会展中心化工区A-22号,,,,100000,2010
山东仁利化工有限公司,,山东省临沂市经济开发区金科财税大厦6楼B625室,,,,20000000,2016
平原信达化工股份有限公司,,平原县坊子乡北,,,,62000000,2009
阳煤平原化工有限公司,,平原县城立交东路15号,,,,560296500,1997
山东恒源石油化工股份有限公司,,山东省临邑县城恒源路111号,,,,150000000,1997
山东天安化工股份有限公司,,山东省临邑县临盘街道办事处盘河村北,,,,85691911,2008
山东瑞博龙化工科技股份有限公司,,临邑经济开发区,,,,65280000,2006
山东力能化工装备工程有限公司,,德州经济开发区北园路北侧蒙山路西侧,,,,51800000,2006
山东午阳化工股份有限公司,,陵县经济开发区北辰路,,,,32000000,2009
山东鲁晶化工科技有限公司,,临邑县恒源工业园,,,,21000000,1998
山东壹诺化工股份有限公司,,临邑恒源经济开发区远征路南首西侧,,,,37000000,2007
平原信达化工有限公司,,平原县坊子乡北,,,,55000000,2009
山东恒源石油化工集团有限公司,,临邑县石化路70号,,,,100140000,1997
德州信达化工有限公司,,陵县经济开发区北辰路,,,,35000000,1996
山东志诚化工有限公司,,平原县兴平路9号,,,,71300000,2002
德州凯密迪化工有限公司,,夏津县经济开发区,,,,50000000,2011
临邑县恒润化工有限公司,,临邑县临邑镇赵家,,,,49000000,1998
德州绿霸精细化工有限公司,,德城区天衢工业园恒东路288号,,,,98000000,1998
山东天源化工有限公司,,山东省临邑德平工业园,,,,50000000,1998
山东奥尔通化工有限公司,,山东省齐河经济开发区园区西路路东,,,,26000000,2007
德州德田化工有限公司,,德州河西商贸开发区工业园,,,,45000000,2006
山东华鲁恒升集团有限公司,,德州市德城区天衢西路44号,,,,101170000,1996
山东兴达化工有限公司,,山东省德州(禹城)国家高新技术产业开发区赵徒干路东侧创新街南侧,,,,72000000,2003
德州实华化工有限公司,,德城区天衢工业园实华南路6号,,,,650000000,2007
山东桦超化工有限公司,,临邑县临盘镇马寨村驻地,,,,475000000,2011
山东津联化工有限公司,,山东省德州市禹城市骇河街西首路北,,,,30000000,2003
德州国力化工科技有限公司,,陵城区陵边路中段,,,,35000000,2012
庆云万和锦大化工有限公司,,山东省德州市庆云县安康小区1号楼3单元401室,,,,50000000,2015
乐陵市天悦化工有限公司,,乐陵市循环经济示范园,,,,50000000,2013
德州宏瑞化工有限公司,,德州市德城区湖滨南大道669号德州万达广场D区公寓C座12层11号,,,,50000000,2012
德宝路股份有限公司,,山东省德州市临邑县林子镇,,,,100000000,2011
德州协诚化工有限公司,,山东省德州市临邑县临盘街道办事处小马家驻地,,,,64697600,2015
山东宏拓化工装备工程有限公司,,山东省德州市德城区新湖街道办事处迎宾路99号院内22号楼一楼102-108号,,,,50000000,2015
临邑恒泽石油化工有限公司,,山东省德州市临邑县邢侗街道办事处东三里河北900米,,,,60000000,2016
山东晋煤同辉化工有限公司,,宁津县城阳光大街西首,,,,20000000,2009
乐陵市芳纶化工有限公司,,乐陵市铁营乡政府驻地南侧路东(乐胡路东侧),,,,49000000,2010
山东庆云盛丰化工有限公司,,山东省德州市庆云县常家镇坡张村西,,,,60000000,2007
山东绿源化工集团有限公司,,陵县陵城镇西关村西侧,,,,100000000,1996
德州市德化化工有限公司,,山东省德州市运河区工业园,,,,58000000,2002
山东开源化工有限公司,,山东省德州市宁津县经济技术开发区化工园区,,,,30000000,2006
庆云鑫和化工有限公司,,山东省德州市庆云县常家镇李营村东,,,,39000000,2001
山东科荣化工有限公司,,山东省德州市乐陵市循环经济示范园内,,,,39000000,2014
山东高新润农化学有限公司,,武城县经济开发区,,,,60909100,2003
山东晨欣化工有限公司,,临邑县翟家乡驻地,,,,10000000,1998
山东信敏惠化工集团有限公司,,山东省德州市庆云县经济开发区东环路1689号,,,,30000000,2014
山东勒科飞诺化工科技有限公司,,宁津县大祁村,,,,10000000,2009
德州隆盛化工有限公司,,山东省德州市平原县经济开发区北一环路,,,,36000000,2014
德州龙腾化工有限公司,,德城区新华工业园,,,,5000000,2004
山东德州艳阳天化工有限公司,,陵县经济开发区,,,,20000000,2004
山东天安化工有限公司,,山东省临邑县临盘街道办事处盘河村北,,,,20000000,2008
山东兴润达化工有限公司,,山东省德州市齐河县城区友谊路355号,,,,5000000,2014
山东阳煤鼎鑫化工有限公司,,平原县兴平路15号,,,,120000000,2013
德州泓美合化工有限公司,,山东省德州市德城区学院东路以东德州东北城五金一区14号楼1-2层07号,,,,30000000,2014
山东瑞皇化工有限公司,,临邑经济开发区富民路东侧,,,,20000000,2008
山东德乐化工有限公司,,乐陵市铁营乡民营经济创业园内,,,,10000000,2003
山东科信石油化工有限公司,,山东省齐河经济开发区,,,,30000000,2007
德州瑞隆化工有限公司,,德城区创业路24号,,,,1000000,2001
德州鑫融化工有限公司,,山东省德州市宁津县淮河大街东段北侧,,,,30000000,2007
宁津聚诚化工贸易有限公司,,宁津县正阳路228号华府国际酒店主楼7楼717室,,,,15000000,2013
山东宇世巨化工有限公司,,乐陵市循环经济示范园内,,,,35000000,2011
德州金桥化工设备制造有限公司,,山东省德州市平原县王杲铺镇王杲铺工业园,,,,4000000,2010
山东博乐化工科技有限公司,,山东省德州市乐陵市循环经济示范园内,,,,30000000,2014
禹城市创兴化工有限公司,,禹城市通衢路中段,,,,1000000,2009
山东省宁津县新兴化工有限公司,,宁津县工业园区辽河街,,,,10000000,2005
武城县一诺化工有限公司,,武城县杨庄乡工贸园,,,,20000000,2005
德州百斯特化工科技有限公司,,宁津县银河经济开发区,,,,17350000,2004
山东英瑞达化工有限公司,,临邑县恒源经济开发区1号路中段西侧,,,,24000000,2006
乐陵新能化工有限公司,,山东省德州市乐陵市经济技术开发区(工业园路北侧),,,,25000000,2009
德州绿邦化工有限公司,,德州市平原县经济开发区化工园区北环路南,,,,,2006
山东孚泰化工有限公司,,平原县兴平路9号,,,,20000000,2012
德州铭圣化工有限公司,,山东省德州市德城区东北城建材二区26栋7号,,,,10000000,2014
山东华宏化工有限公司,,宁津县大曹镇,,,,10000000,2005
宁津县鑫丰化工有限公司,,宁津县大曹镇孙其滨工业区,,,,10000000,2005
德州常兴化工新材料研制有限公司,,宁津县柴胡店镇驻地,,,,12111000,2002
德州奥洁化工有限公司,,宁津县经济开发区阳光东大街,,,,20000000,2013
山东银飞达化工有限公司,,山东省齐河经济开发区,,,,5675000,1999
山东瑞东石油化工有限公司,,山东省德州市齐河县经济开发区晏婴路北首,,,,20000000,2013
宁津县鲁顺化工有限公司,,宁津县保店镇张宅街,,,,3200000,2006
宁津县恒阳农资化工有限公司,,宁津县中心大街西60号,,,,5000000,2006
平原县风楼化工有限公司,,平原县王风楼镇驻地,,,,800000,1997
德州国瑞化工科技有限公司,,临邑县临邑镇创业园鑫亨路1号,,,,8000000,2009
临邑喜昌化工有限公司,,临邑县临盘镇营子街,,,,500000,2003
乐陵齐青化工有限公司,,乐陵市循环经济示范园,,,,18400000,2013
德州金茂化工有限公司,,陵县经济开发区迎宾街北首路西,,,,10588000,2007
德州华锐网络科技有限公司,,德州经济开发区大学东路东首路北(锐特化工公司二楼),,,,20000000,2011
宁津绿能化工有限公司,,宁津县时集镇工业小区,,,,500000,2009
德州世盛化工有限公司,,山东省德州市德城区新华街道办事处湖滨南大道666号德州万达广场D区公寓A座27层23号,,,,2000000,2015
德州环化化工有限公司,,德州市陵城区经济开发区扶丰街路西1-102号,,,,1000000,2006
临邑鑫棵油脂化工有限公司,,山东省德州市临邑县临盘老104国道南侧,,,,20000000,2004
山东阳谷华泰化工股份有限公司,,阳谷县清河西路217号,,,,375131706,2000
山东四强化工集团有限公司,,莘县古云镇工业园区,,,,136800000,2000
鲁西集团有限公司,,聊城市鲁化路68号,,,,1080000000,2001
山东明大化学科技股份有限公司,,茌平县齐鲁味精工业园,,,,89670000,2005
阳谷县京联化工有限公司,,阳谷县闫楼镇工业开发区,,,,50800000,2003
山东创新腐植酸科技股份有限公司,,东阿县刘集工业园,,,,45797500,2002
山东阳光化工科技有限公司,,聊城市阳谷县城西工业园区,,,,66000000,2002
山东阳谷金泉化工有限公司,,阳谷县十五里元镇驻地,,,,46000000,2007
山东阳谷长德化工有限公司,,山东省阳谷县博济桥办事处龙虎寨村南,,,,15000000,2004
聊城鲁西化工物资有限公司,,聊城高新技术产业开发区鲁西工业园,,,,50000000,2007
山东信发化工有限公司,,聊城市茌平县信发工业园,,,,335670000,2006
阳谷县曙光化工有限公司,,阳谷县寿张镇驻地,,,,50000000,2006
莘县华祥盐化有限公司,,莘县古云经济技术开发区,,,,182000000,2005
茌平信发华兴化工有限公司,,茌平县乐平镇,,,,251820000,2009
山东聊城鲁西化工第二化肥有限公司,,东阿县城阿胶街96号,,,,235280000,2003
聊城隆盛化工有限公司,,莘县古云经济技术开发区,,,,10000000,2011
山东阳谷江北化工有限公司,,阳谷县张秋镇,,,,66000000,2004
聊城义利化工有限公司,,山东省聊城市莘县古云镇祥云街中段路北,,,,10000000,2014
山东聊城鲁西化工第五化肥有限公司,,阳谷运河西路421号,,,,185820000,2003
茌平信强化工有限公司,,山东省茌平县信发热电工业园,,,,62000000,2005
山东鑫联化工有限公司,,聊城市东昌府区梁水镇北一公里处路西,,,,40000000,2007
山东松田化工有限公司,,阳谷县经济开发区,,,,30000000,2004
聊城蓝威化工有限公司,,聊城市东昌东路3号,,,,29870000,2000
山东阳谷腾达化工有限公司,,阳谷县民营工业园,,,,20000000,2004
山东聊城鲁西化工第六化肥有限公司,,聊城高新技术产业开发区鲁西工业园,,,,18280000,2002
山东大自在化工有限公司,,山东省聊城市东昌府区北关街12号,,,,50000000,2016
山东天人合一化工有限公司,,山东省聊城市东昌府区闫寺办事处闫寺工业园19号,,,,50000000,2017
山东驰越化工有限公司,,山东省聊城市莘县古云镇商王庄村西,,,,60000000,2015
聊城金鲁裕化工有限公司,,莘县古云经济技术开发区商王庄村,,,,50000000,2010
山东信力化工有限公司,,茌平县信发开发区工交路北,,,,40000000,2010
山东清新化工有限公司,,莘县工业园区,,,,30000000,1997
山东圣菲特石油化工装备有限公司,,山东省聊城市茌平县温陈办事处西804省道南,,,,65180000,2017
聊城骏驰石油化工有限公司,,聊城市东昌府区道口铺乡镇驻地,,,,60000000,2017
聊城祥盛石油化工有限公司,,聊城市东昌府区道口铺乡镇驻地,,,,60000000,2017
聊城北岳石油化工有限公司,,聊城市东昌府区道口铺乡镇驻地,,,,80000000,2017
山东莘县广源盐化工有限公司,,莘县古云镇经济技术开发区,,,,50000000,2010
聊城东染化工有限公司,,莘县古云经济技术开发区文明寨村南,,,,41350000,2012
阳谷鸿吉化工有限公司,,阳谷县城黄山路北首,,,,21000000,2009
山东阳谷金堤化工有限公司,,山东省聊城市阳谷县寿张镇四棚村西首,,,,30000000,2007
山东省阳谷县建新助剂化工有限公司,,山东省聊城市阳谷县寿张镇政府西邻,,,,60000000,2016
山东通产化工有限公司,,阳谷县寿张镇西赵村,,,,5000000,2009
山东聊城中盛蓝瑞化工有限公司,,聊城高新技术产业开发区鲁西工业园,,,,10000000,2005
莘县腾佳化工有限公司,,山东省聊城市莘县古云镇盛云路北首100米路东,,,,15000000,2016
莘县诺普化工有限公司,,山东省聊城市莘县古云镇崔庄东首100米路东,,,,30000000,2017
莘县鑫拓化工有限公司,,莘县古云镇盛云路北首,,,,30000000,2012
阳谷县京九化工有限公司,,阳谷县寿张镇汽车站西,,,,30000000,2002
莘县亿达化工有限公司,,莘县古云经济技术开发区,,,,30000000,2011
阳谷宏源化工有限公司,,山东省聊城市阳谷县寿张镇政府驻地,,,,15800000,2015
山东奥克特化工有限公司,,高唐县官道北街5号,,,,10000000,2005
阳谷县瑞普化工有限公司,,阳谷县寿张镇闫堤,,,,30000000,2012
莘县祥云三度化工有限公司,,莘县古云镇经济技术开发区,,,,20000000,2008
山东洁宇化工有限公司,,高唐县三十里铺镇开发区,,,,30000000,2004
阳谷新国美化工有限公司,,山东省聊城市阳谷县寿张镇政府北邻,,,,23580000,2016
聊城市润康化工产品有限公司,,聊城市东昌府区昌润路苹果社区01号商铺,,,,30060000,2017
聊城市国旺化工产品有限公司,,聊城市东昌东路南柳园南路东新东方国际公寓C座2215号,,,,30010000,2016
莘县天悦化工有限公司,,山东省聊城市莘县古云镇崔庄东首100米路东,,,,10000000,2016
山东中农化工有限公司,,阳谷县阳金路北首,,,,10000000,2003
聊城市天凌化工产品有限公司,,聊城市兴华西路曙光大厦5楼504室,,,,30010000,2016
山东元泰化工有限公司,,山东省聊城市莘县古云镇盛云路西首,,,,10000000,2014
山东利彩化工产品有限公司,,山东省聊城市东昌府区香江二期经纬东路87,,,,30000000,2016
聊城裕华石油化工有限公司,,聊城市东昌府区道口铺乡镇驻地,,,,30010000,2017
山东昌裕集团宝乐来日用化工有限公司,,聊城嘉明开发区西区一号,,,,6030000,2003
茌平县中信化工有限公司,,茌平县乐平镇,,,,20000000,2000
聊城锦盛源化工有限公司,,莘县古云经济技术开发区,,,,5000000,2004
莘县巨业精细化工有限公司,,莘县古云经济技术开发区,,,,20000000,2008
山东玉鑫化工有限公司,,高唐县经济开发区谷官屯村南段,,,,5000000,2007
山东泰翔化工有限公司,,山东省聊城市经济技术开发区东昌东路星光广场凯旋大厦A2108号,,,,6010000,2006
聊城珠峰环保化工有限公司,,聊临路梁水镇北一公里处路西,,,,2000000,2007
聊城市宏鑫化工有限公司,,聊城市昌润路168号,,,,10000000,2013
聊城金星化工有限公司,,山东省聊城经济技术开发区东昌东路32号,,,,10000000,2014
聊城荣祥化工有限公司,,山东省聊城市莘县古云镇高堤口村,,,,10100000,2009
聊城市齐润化工原料有限公司,,聊城市东昌东路2号,,,,11000000,2011
阳谷县翔卓化工有限公司,,山东省聊城市阳谷县寿张镇北街,,,,5000000,2015
阳谷北方化工有限公司,,阳谷县寿张镇烟墩村,,,,20000000,2010
阳谷鑫源化工有限公司,,阳谷县十五里元镇东环,,,,10500000,2007
鲁西化工集团股份有限公司,,聊城高新技术产业开发区鲁西工业园,,,,,2009
聊城泰林化工有限公司,,聊城市梁水镇,,,,8700000,1994
山东澳晟化工产品有限公司,,山东省聊城市东昌府区柳园办事处新东方国际A座25层2522号,,,,3060000,2014
山东聊城鲁西化工煤炭经营有限公司,,聊城高新技术产业开发区鲁西工业园,,,,10000000,2006
阳谷联盛化工有限公司,,山东省阳谷县运河东路,,,,300000,2011
茌平银河化工有限公司,,茌平县冯屯镇王老,,,,5000000,2000
聊城益发化工科技有限公司,,山东省聊城市阳谷县十五里元中学西路南,,,,18800000,2017
山东聊城鲁西化工销售有限公司,,聊城市鲁化路68号,,,,10000000,2006
山东玉皇化工有限公司,,武胜工业开发区,,,,800000000,1994
洪业化工集团股份有限公司,,东明县城北环路西段北侧,,,,660000000,2005
山东方明化工股份有限公司,,菏泽市东明县化工园,,,,388000000,2002
山东菏泽德泰化工有限公司,,菏泽市长江路,,,,100000000,2007
中信国安化工有限公司,,东明县城关镇南化工园区,,,,500000000,2010
菏泽德源化工有限公司,,菏泽开发区洪泽路8号,,,,120000000,2008
山东尚舜化工有限公司,,山东省单县经济技术开发区,,,,350000000,1999
山东玉皇盛世化工股份有限公司,,菏泽市开发区长江东路4666号。,,,,650000000,2007
山东菏泽玉皇化工有限公司,,菏泽市淮河路666号。,,,,500000000,2007
山东恒发化工有限公司,,菏泽市开发区长江东路5000号。,,,,50000000,2008
山东粤安新型材料有限公司,,山东省菏泽市开发区上海路丹阳路口,,,,24587700,2006
山东京九肥料化工有限公司,,菏泽市开发区南京路988号,,,,50000000,1997
鄄城康泰化工有限公司,,鄄城县城南开发区,,,,70000000,2000
菏泽鑫丰德化工股份有限公司,,菏泽市开发区洪泽路1号,,,,56000000,2010
菏泽隆东化工有限公司,,曹县人民政府青菏街道办事处徐集村,,,,67000000,2009
德润化工有限公司,,菏泽市上海路中段,,,,380520006,2006
山东力宝得化工股份有限公司,,东明县海洋石油深加工基地恒大路东段,,,,60000000,2006
山东兆邦化工有限公司,,东明县城关镇南化工园区,,,,500000000,2010
东明恒昌化工有限公司,,山东省菏泽市东明县黄河路27号,,,,250000000,2000
山东润泽化工有限公司,,东明县菜园集工业园区,,,,2130000000,2010
山东吉安化工有限公司,,菏泽市东明县106国道北侧,,,,246510000,2007
菏泽玺源化工有限公司,,山东省菏泽市曹县普连集镇徐集村,,,,80000000,2011
山东兆邦精细化工有限公司,,山东省菏泽市东明县新材料工业园区,,,,77000000,2015
东明县金宇化工有限公司,,山东省东明县武胜桥乡工业园区,,,,120000000,2006
东明东方化工有限公司,,东明县开发区工业园区,,,,500000000,2008
山东宝舜化工科技有限公司,,巨野县田桥镇,,,,120000000,2010
鄄城建融化工有限公司,,鄄城县东郊工业开发区(凤凰东寺),,,,45000000,1998
山东兴泽化工有限公司,,山东省菏泽市巨野县董官屯煤化工园区能源大道中段路东,,,,200000000,2014
菏泽聚兴化工股份有限公司,,菏泽市开发区上海路东海河路南,,,,150000000,2011
山东大泽化工有限公司,,巨野县煤化工业园区,,,,265000000,2012
山东源润石油化工有限公司,,单县开发区化工园,,,,100000000,2010
山东菏泽恒大化工有限公司,,东明黄河路北段,,,,31727500,2005
东明前海化工有限公司,,东明县菜园集镇工业园区,,,,400000000,2014
山东巨野万山伟业化工有限公司,,巨野县田桥镇煤化工园区,,,,265800000,2012
东明元创化工有限公司,,东明县城关镇南化工园区,,,,30000000,2007
菏泽远东强亚化工科技有限公司,,"菏泽市牡丹区高新化工园区(淮河东路以北,",,,,50000000,2012
菏泽华意化工有限公司,,山东省鄄城县建设街东段1号,,,,62000000,2001
山东亿业石油化工有限公司,,菏泽市长江东路1号,,,,99990000,2012
菏泽瑞圣化工科技有限公司,,郓城县南化工园区,,,,15000000,2011
鄄城欧亚化工有限公司,,鄄城县凤凰乡工业开发区,,,,30000000,2004
山东易达利化工有限公司,,菏泽市开发区海河路以北,,,,162500000,2009
山东九山化工有限公司,,山东菏泽成武县化工园区内,,,,56000000,2014
单县太阳化工有限公司,,山东省菏泽市单县化工园区,,,,200000000,2015
东明恒润化工有限公司,,东明县石化大道,,,,369766000,2004
东明聚墨化工技术有限公司,,山东省菏泽市东明县菜园集镇工业园区,,,,30000000,2014
菏泽德兴化工有限公司,,菏泽市开发区淮河路999号,,,,96000000,2010
山东盛陶化工有限公司,,定陶县陈集化工项目聚集区西北部(长江东路),,,,80000000,2013
山东盛荣化工有限公司,,东明县化工园区纬五路北经三路东,,,,300000000,2013
山东嘉瑞化工有限公司,,山东省菏泽市东明县南化工园区,,,,120000000,2013
东明万海氯碱化工有限公司,,东明县三八路东段,,,,120000000,2005
山东盛昌化工有限公司,,郓城县煤化工工业园区,,,,300000000,2011
东明宏昌化工有限公司,,东明县新材料工业园区,,,,65880000,2013
山东洪鼎化工有限公司,,菏泽市郓城县煤化工业园区,,,,300000000,2010
郓城北通化工有限公司,,山东省菏泽市郓城县郓州街道东门街南段路西,,,,50000000,2017
山东盛玉化工有限公司,,山东省菏泽市开发区上海路东二公里洪泽路南侧,,,,60000000,2017
菏泽德瑞化工有限公司,,菏泽开发区洪泽路8号,,,,250000000,2013
东明县拓星化工有限公司,,东明县长兴乡王店村,,,,58800000,2005
山东菏泽利洋化工有限公司,,郓城县煤化工业园区,,,,171060000,2013
菏泽一糠化工科技有限公司,,鄄城县凤凰镇西街村村西100米,,,,30000000,2014
山东齐泽化工科技有限公司,,巨野县董官屯镇高新化工园南区能源大道路西,,,,79000000,2017
巨野瑞良化工有限公司,,巨野县大义镇开发区(原山东巨野瑞源科技有限公司),,,,150000000,2014
山东闽能化工有限公司,,巨野县董官屯镇高新化工园南区能源大道东园区北路南,,,,26000000,2016
山东大港化工有限公司,,曹县磐石街道办事处新医药产业园工业南路路北,,,,60000000,2009
东明泽盛源化工有限公司,,山东省菏泽市东明县菜园集镇高海路西段,,,,157890000,2017
菏泽科达化学化工有限公司,,鄄城县红船镇韩桥村西,,,,50060000,2005
菏泽盈信化工有限公司,,山东省菏泽市东明县曙光路西段南侧(东明县酒厂西邻),,,,50000000,2016
东明鲁胜化工有限公司,,山东省菏泽市东明县武胜桥镇武胜桥工业园区,,,,100000000,2017
山东勇智化工有限公司,,菏泽市郓城县煤化工业园区,,,,300000000,2010
东明学海精细化工有限公司,,东明县新材料工业园区,,,,48880000,2015
东明县宝峰化工科技有限公司,,山东省菏泽市东明县武胜桥镇海洋化工园区,,,,105000000,2017
鄄城县中慧普光化工有限公司,,山东省菏泽市鄄城县闫什镇闫什街1号,,,,50000000,2014
山东洪达化工有限公司,,菏泽市郓城县煤化工业园区内,,,,420000000,2008
菏泽中泰煤炭化工有限公司,,菏泽市经济开发区上海路以东淮河路以南东南交叉口,,,,50000000,2007
中联国融盐化工有限公司,,山东省菏泽市东明县马头镇开发区,,,,50000000,2015
山东盛东石油化工有限公司,,山东省菏泽市定陶区万泰电子商务创业园3号楼4015,,,,50000000,2018
郓城县仁合化工有限公司,,山东省菏泽市郓城县黄安镇马驿店村,,,,60000000,2016
山东坤鸿石油化工有限公司,,山东省菏泽市定陶区万泰电子商务创业园3号楼4014,,,,50000000,2018
东明鑫宏源化工有限公司,,山东省菏泽市东明县新材料工业园区,,,,58880000,2017
山东天秀化工贸易有限公司,,菏泽市东明县城北环路西段,,,,100000000,2010
山东洪方精细化工有限公司,,菏泽市东明县南化工园区,,,,31800000,2009
东明县同升化工有限公司,,山东省菏泽市东明县菜园集开发区,,,,68000000,2014
山东强宇石油化工有限公司,,山东省菏泽市定陶区兴华路万泰电子商务创业园3号楼4063,,,,50000000,2018
东明凌宇化工有限公司,,东明县菜园集工业园区,,,,30000000,2013
山东恒伟化工科技有限公司,,巨野县田桥镇驻地煤化工园区(327国道北),,,,679600000,2013
山东晨耀化工科技有限公司,,巨野县田桥镇327国道北铁雄新沙东邻,,,,100000000,2011
山东泰辰化工贸易有限公司,,山东省菏泽市鄄城县李进士堂镇东西大街镇政府西90米路北,,,,50000000,2017
巨野县巨麟化工有限公司,,山东省菏泽市巨野县董官屯镇煤化工园区田苏路南段路西,,,,100000000,2012
山东菏泽广奥化工科技有限公司,,菏泽市牡丹区东能源化工园区,,,,100000000,2013
鄄城鼎晟化工科技有限公司,,山东省菏泽市鄄城县十五路北段路东、城濮街南,,,,50000000,2014
东明县佳鑫精细化工有限公司,,山东省菏泽市东明县菜园集镇开发区,,,,200000000,2015
成武利通石油化工产品有限公司,,成武县天宫庙镇康集北,,,,50000000,2007
东明天秀化工贸易有限公司,,山东省菏泽市东明县东明集镇政府驻地,,,,50000000,2018
山东东巨化工股份有限公司,,东明县南化工园区,,,,388970000,2009
山东彦翔石油化工有限公司,,山东省菏泽市定陶区兴华路万泰电子商务创业园3号楼4030,,,,50000000,2017
东明县鲁明石化有限公司,,东明县武胜开发区,,,,50000000,2003
巨野锦晨精细化工有限公司,,巨野县董官屯镇煤化工业区,,,,30000000,2010
山东通运石油化工有限公司,,山东省菏泽市定陶区万泰城电子商务创业园3号楼4075,,,,50000000,2018
山东恒基石油化工有限公司,,山东省菏泽市定陶区兴华路万泰电子商务创业园3号楼4056,,,,50000000,2018
